Building DAG of jobs...
Using shell: /usr/bin/bash
Provided cluster nodes: 100
Job stats:
job                 count    min threads    max threads
----------------  -------  -------------  -------------
all                     1              1              1
fastqc_analysis       184              1              1
multiqc_analysis        1              1              1
total                 186              1              1

Select jobs to execute...

[Fri Dec 20 10:09:06 2024]
rule fastqc_analysis:
    input: /xdisk/khasting/knodele/Mayo_data/RNA_fastqs/CSCC_306_T2a_B4_RNA.FCHMVH7BBXY_L7_IATTGTGAA-TGCATTGC.1.fastq
    output: /xdisk/khasting/knodele/Mayo_data/RNA_raw_fastqc_results/CSCC_306_T2a_B4_RNA.FCHMVH7BBXY_L7_IATTGTGAA-TGCATTGC.1_fastqc.html
    jobid: 81
    wildcards: sample=CSCC_306_T2a_B4_RNA.FCHMVH7BBXY_L7_IATTGTGAA-TGCATTGC.1
    resources: tmpdir=/tmp

Submitted job 81 with external jobid 'Submitted batch job 3209861'.

[Fri Dec 20 10:09:07 2024]
rule fastqc_analysis:
    input: /xdisk/khasting/knodele/Mayo_data/RNA_fastqs/CSCC_52_RNA.FCHWLHCBBXX_L6_IGGCTAC.1.fastq
    output: /xdisk/khasting/knodele/Mayo_data/RNA_raw_fastqc_results/CSCC_52_RNA.FCHWLHCBBXX_L6_IGGCTAC.1_fastqc.html
    jobid: 137
    wildcards: sample=CSCC_52_RNA.FCHWLHCBBXX_L6_IGGCTAC.1
    resources: tmpdir=/tmp

Submitted job 137 with external jobid 'Submitted batch job 3209862'.

[Fri Dec 20 10:09:07 2024]
rule fastqc_analysis:
    input: /xdisk/khasting/knodele/Mayo_data/RNA_fastqs/CSCC_15_RNA.FCHWLHCBBXX_L2_ITTAGGC.1.fastq
    output: /xdisk/khasting/knodele/Mayo_data/RNA_raw_fastqc_results/CSCC_15_RNA.FCHWLHCBBXX_L2_ITTAGGC.1_fastqc.html
    jobid: 53
    wildcards: sample=CSCC_15_RNA.FCHWLHCBBXX_L2_ITTAGGC.1
    resources: tmpdir=/tmp

Submitted job 53 with external jobid 'Submitted batch job 3209863'.

[Fri Dec 20 10:09:07 2024]
rule fastqc_analysis:
    input: /xdisk/khasting/knodele/Mayo_data/RNA_fastqs/CSCC_306_T2a_B4_RNA.FCHMVH7BBXY_L7_IATTGTGAA-TGCATTGC.2.fastq
    output: /xdisk/khasting/knodele/Mayo_data/RNA_raw_fastqc_results/CSCC_306_T2a_B4_RNA.FCHMVH7BBXY_L7_IATTGTGAA-TGCATTGC.2_fastqc.html
    jobid: 82
    wildcards: sample=CSCC_306_T2a_B4_RNA.FCHMVH7BBXY_L7_IATTGTGAA-TGCATTGC.2
    resources: tmpdir=/tmp

Submitted job 82 with external jobid 'Submitted batch job 3209864'.

[Fri Dec 20 10:09:08 2024]
rule fastqc_analysis:
    input: /xdisk/khasting/knodele/Mayo_data/RNA_fastqs/CSCC_15_RNA.FCHWLHCBBXX_L2_ITTAGGC.2.fastq
    output: /xdisk/khasting/knodele/Mayo_data/RNA_raw_fastqc_results/CSCC_15_RNA.FCHWLHCBBXX_L2_ITTAGGC.2_fastqc.html
    jobid: 54
    wildcards: sample=CSCC_15_RNA.FCHWLHCBBXX_L2_ITTAGGC.2
    resources: tmpdir=/tmp

Submitted job 54 with external jobid 'Submitted batch job 3209865'.

[Fri Dec 20 10:09:08 2024]
rule fastqc_analysis:
    input: /xdisk/khasting/knodele/Mayo_data/RNA_fastqs/CSCC_52_RNA.FCHWLHCBBXX_L6_IGGCTAC.2.fastq
    output: /xdisk/khasting/knodele/Mayo_data/RNA_raw_fastqc_results/CSCC_52_RNA.FCHWLHCBBXX_L6_IGGCTAC.2_fastqc.html
    jobid: 138
    wildcards: sample=CSCC_52_RNA.FCHWLHCBBXX_L6_IGGCTAC.2
    resources: tmpdir=/tmp

Submitted job 138 with external jobid 'Submitted batch job 3209866'.

[Fri Dec 20 10:09:08 2024]
rule fastqc_analysis:
    input: /xdisk/khasting/knodele/Mayo_data/RNA_fastqs/CSCC_NPT-001-2_T2b.FC22VM72LT3_L8_R2_ITTATAACC-GATATCGA.fastq
    output: /xdisk/khasting/knodele/Mayo_data/RNA_raw_fastqc_results/CSCC_NPT-001-2_T2b.FC22VM72LT3_L8_R2_ITTATAACC-GATATCGA_fastqc.html
    jobid: 152
    wildcards: sample=CSCC_NPT-001-2_T2b.FC22VM72LT3_L8_R2_ITTATAACC-GATATCGA
    resources: tmpdir=/tmp

Submitted job 152 with external jobid 'Submitted batch job 3209867'.

[Fri Dec 20 10:09:09 2024]
rule fastqc_analysis:
    input: /xdisk/khasting/knodele/Mayo_data/RNA_fastqs/CSCC_NPT-169_T2b.FC22VM72LT3_L8_R2_ITGACGAAT-CAGTAGGC.fastq
    output: /xdisk/khasting/knodele/Mayo_data/RNA_raw_fastqc_results/CSCC_NPT-169_T2b.FC22VM72LT3_L8_R2_ITGACGAAT-CAGTAGGC_fastqc.html
    jobid: 180
    wildcards: sample=CSCC_NPT-169_T2b.FC22VM72LT3_L8_R2_ITGACGAAT-CAGTAGGC
    resources: tmpdir=/tmp

Submitted job 180 with external jobid 'Submitted batch job 3209868'.

[Fri Dec 20 10:09:09 2024]
rule fastqc_analysis:
    input: /xdisk/khasting/knodele/Mayo_data/RNA_fastqs/CSCC_308_T2b_B4_RNA.FCHMVH7BBXY_L7_IACTCGTGT-ATTGGAAC.1.fastq
    output: /xdisk/khasting/knodele/Mayo_data/RNA_raw_fastqc_results/CSCC_308_T2b_B4_RNA.FCHMVH7BBXY_L7_IACTCGTGT-ATTGGAAC.1_fastqc.html
    jobid: 83
    wildcards: sample=CSCC_308_T2b_B4_RNA.FCHMVH7BBXY_L7_IACTCGTGT-ATTGGAAC.1
    resources: tmpdir=/tmp

Submitted job 83 with external jobid 'Submitted batch job 3209869'.

[Fri Dec 20 10:09:09 2024]
rule fastqc_analysis:
    input: /xdisk/khasting/knodele/Mayo_data/RNA_fastqs/CSCC_53C_RNA.FCHWLHCBBXX_L6_IGTGGCC.1.fastq
    output: /xdisk/khasting/knodele/Mayo_data/RNA_raw_fastqc_results/CSCC_53C_RNA.FCHWLHCBBXX_L6_IGTGGCC.1_fastqc.html
    jobid: 139
    wildcards: sample=CSCC_53C_RNA.FCHWLHCBBXX_L6_IGTGGCC.1
    resources: tmpdir=/tmp

Submitted job 139 with external jobid 'Submitted batch job 3209870'.

[Fri Dec 20 10:09:09 2024]
rule fastqc_analysis:
    input: /xdisk/khasting/knodele/Mayo_data/RNA_fastqs/CSCC_NPT-002-1_T2a.FC22VM72LT3_L8_R2_IGGACTTGG-CGCAGACG.fastq
    output: /xdisk/khasting/knodele/Mayo_data/RNA_raw_fastqc_results/CSCC_NPT-002-1_T2a.FC22VM72LT3_L8_R2_IGGACTTGG-CGCAGACG_fastqc.html
    jobid: 154
    wildcards: sample=CSCC_NPT-002-1_T2a.FC22VM72LT3_L8_R2_IGGACTTGG-CGCAGACG
    resources: tmpdir=/tmp

Submitted job 154 with external jobid 'Submitted batch job 3209871'.

[Fri Dec 20 10:09:10 2024]
rule fastqc_analysis:
    input: /xdisk/khasting/knodele/Mayo_data/RNA_fastqs/CSCC_NPT-182_T2b.FC22VM72LT3_L8_R2_ITAATACAG-ATATTCAC.fastq
    output: /xdisk/khasting/knodele/Mayo_data/RNA_raw_fastqc_results/CSCC_NPT-182_T2b.FC22VM72LT3_L8_R2_ITAATACAG-ATATTCAC_fastqc.html
    jobid: 182
    wildcards: sample=CSCC_NPT-182_T2b.FC22VM72LT3_L8_R2_ITAATACAG-ATATTCAC
    resources: tmpdir=/tmp

Submitted job 182 with external jobid 'Submitted batch job 3209872'.

[Fri Dec 20 10:09:10 2024]
rule fastqc_analysis:
    input: /xdisk/khasting/knodele/Mayo_data/RNA_fastqs/CSCC_17_RNA.FCHWLHCBBXX_L2_IGATCAG.1.fastq
    output: /xdisk/khasting/knodele/Mayo_data/RNA_raw_fastqc_results/CSCC_17_RNA.FCHWLHCBBXX_L2_IGATCAG.1_fastqc.html
    jobid: 57
    wildcards: sample=CSCC_17_RNA.FCHWLHCBBXX_L2_IGATCAG.1
    resources: tmpdir=/tmp

Submitted job 57 with external jobid 'Submitted batch job 3209873'.

[Fri Dec 20 10:09:10 2024]
rule fastqc_analysis:
    input: /xdisk/khasting/knodele/Mayo_data/RNA_fastqs/CSCC_30C_RNA.FCHWLHCBBXX_L4_IACTTGA.1.fastq
    output: /xdisk/khasting/knodele/Mayo_data/RNA_raw_fastqc_results/CSCC_30C_RNA.FCHWLHCBBXX_L4_IACTTGA.1_fastqc.html
    jobid: 85
    wildcards: sample=CSCC_30C_RNA.FCHWLHCBBXX_L4_IACTTGA.1
    resources: tmpdir=/tmp

Submitted job 85 with external jobid 'Submitted batch job 3209874'.

[Fri Dec 20 10:09:10 2024]
rule fastqc_analysis:
    input: /xdisk/khasting/knodele/Mayo_data/RNA_fastqs/CSCC_5_RNA.FCHWLHCBBXX_L1_IGATCAG.1.fastq
    output: /xdisk/khasting/knodele/Mayo_data/RNA_raw_fastqc_results/CSCC_5_RNA.FCHWLHCBBXX_L1_IGATCAG.1_fastqc.html
    jobid: 141
    wildcards: sample=CSCC_5_RNA.FCHWLHCBBXX_L1_IGATCAG.1
    resources: tmpdir=/tmp

Submitted job 141 with external jobid 'Submitted batch job 3209875'.

[Fri Dec 20 10:09:11 2024]
rule fastqc_analysis:
    input: /xdisk/khasting/knodele/Mayo_data/RNA_fastqs/CSCC_NPT-004-2_T2a.FC22VM72LT3_L8_R1_IAAGTCCAA-TATGAGTA.fastq
    output: /xdisk/khasting/knodele/Mayo_data/RNA_raw_fastqc_results/CSCC_NPT-004-2_T2a.FC22VM72LT3_L8_R1_IAAGTCCAA-TATGAGTA_fastqc.html
    jobid: 155
    wildcards: sample=CSCC_NPT-004-2_T2a.FC22VM72LT3_L8_R1_IAAGTCCAA-TATGAGTA
    resources: tmpdir=/tmp

Submitted job 155 with external jobid 'Submitted batch job 3209876'.

[Fri Dec 20 10:09:11 2024]
rule fastqc_analysis:
    input: /xdisk/khasting/knodele/Mayo_data/RNA_fastqs/CSCC_NPT-183_T2b.FC22VM72LT3_L8_R1_ICGGCGTGA-GCGCCTGT.fastq
    output: /xdisk/khasting/knodele/Mayo_data/RNA_raw_fastqc_results/CSCC_NPT-183_T2b.FC22VM72LT3_L8_R1_ICGGCGTGA-GCGCCTGT_fastqc.html
    jobid: 183
    wildcards: sample=CSCC_NPT-183_T2b.FC22VM72LT3_L8_R1_ICGGCGTGA-GCGCCTGT
    resources: tmpdir=/tmp

Submitted job 183 with external jobid 'Submitted batch job 3209877'.

[Fri Dec 20 10:09:11 2024]
rule fastqc_analysis:
    input: /xdisk/khasting/knodele/Mayo_data/RNA_fastqs/072-T2b_B2_RNA.FCHFHK5BBXY_L3_IGATCAG.1.fastq
    output: /xdisk/khasting/knodele/Mayo_data/RNA_raw_fastqc_results/072-T2b_B2_RNA.FCHFHK5BBXY_L3_IGATCAG.1_fastqc.html
    jobid: 1
    wildcards: sample=072-T2b_B2_RNA.FCHFHK5BBXY_L3_IGATCAG.1
    resources: tmpdir=/tmp

Submitted job 1 with external jobid 'Submitted batch job 3209878'.

[Fri Dec 20 10:09:12 2024]
rule fastqc_analysis:
    input: /xdisk/khasting/knodele/Mayo_data/RNA_fastqs/CSCC_17_RNA.FCHWLHCBBXX_L2_IGATCAG.2.fastq
    output: /xdisk/khasting/knodele/Mayo_data/RNA_raw_fastqc_results/CSCC_17_RNA.FCHWLHCBBXX_L2_IGATCAG.2_fastqc.html
    jobid: 58
    wildcards: sample=CSCC_17_RNA.FCHWLHCBBXX_L2_IGATCAG.2
    resources: tmpdir=/tmp

Submitted job 58 with external jobid 'Submitted batch job 3209879'.

[Fri Dec 20 10:09:12 2024]
rule fastqc_analysis:
    input: /xdisk/khasting/knodele/Mayo_data/RNA_fastqs/CSCC_30C_RNA.FCHWLHCBBXX_L4_IACTTGA.2.fastq
    output: /xdisk/khasting/knodele/Mayo_data/RNA_raw_fastqc_results/CSCC_30C_RNA.FCHWLHCBBXX_L4_IACTTGA.2_fastqc.html
    jobid: 86
    wildcards: sample=CSCC_30C_RNA.FCHWLHCBBXX_L4_IACTTGA.2
    resources: tmpdir=/tmp

Submitted job 86 with external jobid 'Submitted batch job 3209880'.

[Fri Dec 20 10:09:12 2024]
rule fastqc_analysis:
    input: /xdisk/khasting/knodele/Mayo_data/RNA_fastqs/CSCC_5_RNA.FCHWLHCBBXX_L1_IGATCAG.2.fastq
    output: /xdisk/khasting/knodele/Mayo_data/RNA_raw_fastqc_results/CSCC_5_RNA.FCHWLHCBBXX_L1_IGATCAG.2_fastqc.html
    jobid: 142
    wildcards: sample=CSCC_5_RNA.FCHWLHCBBXX_L1_IGATCAG.2
    resources: tmpdir=/tmp

Submitted job 142 with external jobid 'Submitted batch job 3209881'.

[Fri Dec 20 10:09:12 2024]
rule fastqc_analysis:
    input: /xdisk/khasting/knodele/Mayo_data/RNA_fastqs/CSCC_NPT-004-2_T2a.FC22VM72LT3_L8_R2_IAAGTCCAA-TATGAGTA.fastq
    output: /xdisk/khasting/knodele/Mayo_data/RNA_raw_fastqc_results/CSCC_NPT-004-2_T2a.FC22VM72LT3_L8_R2_IAAGTCCAA-TATGAGTA_fastqc.html
    jobid: 156
    wildcards: sample=CSCC_NPT-004-2_T2a.FC22VM72LT3_L8_R2_IAAGTCCAA-TATGAGTA
    resources: tmpdir=/tmp

Submitted job 156 with external jobid 'Submitted batch job 3209882'.

[Fri Dec 20 10:09:13 2024]
rule fastqc_analysis:
    input: /xdisk/khasting/knodele/Mayo_data/RNA_fastqs/CSCC_NPT-183_T2b.FC22VM72LT3_L8_R2_ICGGCGTGA-GCGCCTGT.fastq
    output: /xdisk/khasting/knodele/Mayo_data/RNA_raw_fastqc_results/CSCC_NPT-183_T2b.FC22VM72LT3_L8_R2_ICGGCGTGA-GCGCCTGT_fastqc.html
    jobid: 184
    wildcards: sample=CSCC_NPT-183_T2b.FC22VM72LT3_L8_R2_ICGGCGTGA-GCGCCTGT
    resources: tmpdir=/tmp

Submitted job 184 with external jobid 'Submitted batch job 3209883'.

[Fri Dec 20 10:09:13 2024]
rule fastqc_analysis:
    input: /xdisk/khasting/knodele/Mayo_data/RNA_fastqs/072-T2b_B2_RNA.FCHFHK5BBXY_L3_IGATCAG.2.fastq
    output: /xdisk/khasting/knodele/Mayo_data/RNA_raw_fastqc_results/072-T2b_B2_RNA.FCHFHK5BBXY_L3_IGATCAG.2_fastqc.html
    jobid: 2
    wildcards: sample=072-T2b_B2_RNA.FCHFHK5BBXY_L3_IGATCAG.2
    resources: tmpdir=/tmp

Submitted job 2 with external jobid 'Submitted batch job 3209884'.

[Fri Dec 20 10:09:13 2024]
rule fastqc_analysis:
    input: /xdisk/khasting/knodele/Mayo_data/RNA_fastqs/CSCC_18_RNA.FCHWLHCBBXX_L2_ITAGCTT.1.fastq
    output: /xdisk/khasting/knodele/Mayo_data/RNA_raw_fastqc_results/CSCC_18_RNA.FCHWLHCBBXX_L2_ITAGCTT.1_fastqc.html
    jobid: 59
    wildcards: sample=CSCC_18_RNA.FCHWLHCBBXX_L2_ITAGCTT.1
    resources: tmpdir=/tmp

Submitted job 59 with external jobid 'Submitted batch job 3209885'.

[Fri Dec 20 10:09:13 2024]
rule fastqc_analysis:
    input: /xdisk/khasting/knodele/Mayo_data/RNA_fastqs/CSCC_310_T2a_B4_RNA.FCHMVH7BBXY_L7_IGTCTACAC-GCCAAGGT.1.fastq
    output: /xdisk/khasting/knodele/Mayo_data/RNA_raw_fastqc_results/CSCC_310_T2a_B4_RNA.FCHMVH7BBXY_L7_IGTCTACAC-GCCAAGGT.1_fastqc.html
    jobid: 87
    wildcards: sample=CSCC_310_T2a_B4_RNA.FCHMVH7BBXY_L7_IGTCTACAC-GCCAAGGT.1
    resources: tmpdir=/tmp

Submitted job 87 with external jobid 'Submitted batch job 3209886'.

[Fri Dec 20 10:09:14 2024]
rule fastqc_analysis:
    input: /xdisk/khasting/knodele/Mayo_data/RNA_fastqs/CSCC_6_RNA.FCHWLHCBBXX_L1_ITAGCTT.1.fastq
    output: /xdisk/khasting/knodele/Mayo_data/RNA_raw_fastqc_results/CSCC_6_RNA.FCHWLHCBBXX_L1_ITAGCTT.1_fastqc.html
    jobid: 143
    wildcards: sample=CSCC_6_RNA.FCHWLHCBBXX_L1_ITAGCTT.1
    resources: tmpdir=/tmp

Submitted job 143 with external jobid 'Submitted batch job 3209887'.

[Fri Dec 20 10:09:14 2024]
rule fastqc_analysis:
    input: /xdisk/khasting/knodele/Mayo_data/RNA_fastqs/CSCC_NPT-010-2_T3.FC22VM72LT3_L8_R1_IGCTTGTCA-GAACATAC.fastq
    output: /xdisk/khasting/knodele/Mayo_data/RNA_raw_fastqc_results/CSCC_NPT-010-2_T3.FC22VM72LT3_L8_R1_IGCTTGTCA-GAACATAC_fastqc.html
    jobid: 157
    wildcards: sample=CSCC_NPT-010-2_T3.FC22VM72LT3_L8_R1_IGCTTGTCA-GAACATAC
    resources: tmpdir=/tmp

Submitted job 157 with external jobid 'Submitted batch job 3209888'.

[Fri Dec 20 10:09:14 2024]
rule fastqc_analysis:
    input: /xdisk/khasting/knodele/Mayo_data/RNA_fastqs/CSCC_6_RNA.FCHWLHCBBXX_L1_ITAGCTT.2.fastq
    output: /xdisk/khasting/knodele/Mayo_data/RNA_raw_fastqc_results/CSCC_6_RNA.FCHWLHCBBXX_L1_ITAGCTT.2_fastqc.html
    jobid: 144
    wildcards: sample=CSCC_6_RNA.FCHWLHCBBXX_L1_ITAGCTT.2
    resources: tmpdir=/tmp

Submitted job 144 with external jobid 'Submitted batch job 3209889'.

[Fri Dec 20 10:09:14 2024]
rule fastqc_analysis:
    input: /xdisk/khasting/knodele/Mayo_data/RNA_fastqs/CSCC_18_RNA.FCHWLHCBBXX_L2_ITAGCTT.2.fastq
    output: /xdisk/khasting/knodele/Mayo_data/RNA_raw_fastqc_results/CSCC_18_RNA.FCHWLHCBBXX_L2_ITAGCTT.2_fastqc.html
    jobid: 60
    wildcards: sample=CSCC_18_RNA.FCHWLHCBBXX_L2_ITAGCTT.2
    resources: tmpdir=/tmp

Submitted job 60 with external jobid 'Submitted batch job 3209890'.

[Fri Dec 20 10:09:14 2024]
rule fastqc_analysis:
    input: /xdisk/khasting/knodele/Mayo_data/RNA_fastqs/CSCC_NPT-010-2_T3.FC22VM72LT3_L8_R2_IGCTTGTCA-GAACATAC.fastq
    output: /xdisk/khasting/knodele/Mayo_data/RNA_raw_fastqc_results/CSCC_NPT-010-2_T3.FC22VM72LT3_L8_R2_IGCTTGTCA-GAACATAC_fastqc.html
    jobid: 158
    wildcards: sample=CSCC_NPT-010-2_T3.FC22VM72LT3_L8_R2_IGCTTGTCA-GAACATAC
    resources: tmpdir=/tmp

Submitted job 158 with external jobid 'Submitted batch job 3209891'.

[Fri Dec 20 10:09:15 2024]
rule fastqc_analysis:
    input: /xdisk/khasting/knodele/Mayo_data/RNA_fastqs/CSCC_310_T2a_B4_RNA.FCHMVH7BBXY_L7_IGTCTACAC-GCCAAGGT.2.fastq
    output: /xdisk/khasting/knodele/Mayo_data/RNA_raw_fastqc_results/CSCC_310_T2a_B4_RNA.FCHMVH7BBXY_L7_IGTCTACAC-GCCAAGGT.2_fastqc.html
    jobid: 88
    wildcards: sample=CSCC_310_T2a_B4_RNA.FCHMVH7BBXY_L7_IGTCTACAC-GCCAAGGT.2
    resources: tmpdir=/tmp

Submitted job 88 with external jobid 'Submitted batch job 3209892'.

[Fri Dec 20 10:09:15 2024]
rule fastqc_analysis:
    input: /xdisk/khasting/knodele/Mayo_data/RNA_fastqs/073-T2a_B2_RNA.FCHFHK5BBXY_L3_ITAGCTT.2.fastq
    output: /xdisk/khasting/knodele/Mayo_data/RNA_raw_fastqc_results/073-T2a_B2_RNA.FCHFHK5BBXY_L3_ITAGCTT.2_fastqc.html
    jobid: 4
    wildcards: sample=073-T2a_B2_RNA.FCHFHK5BBXY_L3_ITAGCTT.2
    resources: tmpdir=/tmp

Submitted job 4 with external jobid 'Submitted batch job 3209893'.

[Fri Dec 20 10:09:15 2024]
rule fastqc_analysis:
    input: /xdisk/khasting/knodele/Mayo_data/RNA_fastqs/085-T2a_B2_RNA.FCHFHK5BBXY_L1_ICGTACG.1.fastq
    output: /xdisk/khasting/knodele/Mayo_data/RNA_raw_fastqc_results/085-T2a_B2_RNA.FCHFHK5BBXY_L1_ICGTACG.1_fastqc.html
    jobid: 5
    wildcards: sample=085-T2a_B2_RNA.FCHFHK5BBXY_L1_ICGTACG.1
    resources: tmpdir=/tmp

Submitted job 5 with external jobid 'Submitted batch job 3209894'.

[Fri Dec 20 10:09:15 2024]
rule fastqc_analysis:
    input: /xdisk/khasting/knodele/Mayo_data/RNA_fastqs/CSCC_19_RNA.FCHWLHCBBXX_L2_IGGCTAC.1.fastq
    output: /xdisk/khasting/knodele/Mayo_data/RNA_raw_fastqc_results/CSCC_19_RNA.FCHWLHCBBXX_L2_IGGCTAC.1_fastqc.html
    jobid: 61
    wildcards: sample=CSCC_19_RNA.FCHWLHCBBXX_L2_IGGCTAC.1
    resources: tmpdir=/tmp

Submitted job 61 with external jobid 'Submitted batch job 3209895'.

[Fri Dec 20 10:09:16 2024]
rule fastqc_analysis:
    input: /xdisk/khasting/knodele/Mayo_data/RNA_fastqs/CSCC_316_T2b_B4_RNA.FCHMVH7BBXY_L8_ICAATTAAC-CGAGATAT.1.fastq
    output: /xdisk/khasting/knodele/Mayo_data/RNA_raw_fastqc_results/CSCC_316_T2b_B4_RNA.FCHMVH7BBXY_L8_ICAATTAAC-CGAGATAT.1_fastqc.html
    jobid: 89
    wildcards: sample=CSCC_316_T2b_B4_RNA.FCHMVH7BBXY_L8_ICAATTAAC-CGAGATAT.1
    resources: tmpdir=/tmp

Submitted job 89 with external jobid 'Submitted batch job 3209896'.

[Fri Dec 20 10:09:16 2024]
rule fastqc_analysis:
    input: /xdisk/khasting/knodele/Mayo_data/RNA_fastqs/CSCC_7_RNA.FCHWLHCBBXX_L1_IGGCTAC.1.fastq
    output: /xdisk/khasting/knodele/Mayo_data/RNA_raw_fastqc_results/CSCC_7_RNA.FCHWLHCBBXX_L1_IGGCTAC.1_fastqc.html
    jobid: 145
    wildcards: sample=CSCC_7_RNA.FCHWLHCBBXX_L1_IGGCTAC.1
    resources: tmpdir=/tmp

Submitted job 145 with external jobid 'Submitted batch job 3209897'.

[Fri Dec 20 10:09:17 2024]
rule fastqc_analysis:
    input: /xdisk/khasting/knodele/Mayo_data/RNA_fastqs/CSCC_NPT-015_T2a.FC22VM72LT3_L8_R1_ICCGCGGTT-AGCGCTAG.fastq
    output: /xdisk/khasting/knodele/Mayo_data/RNA_raw_fastqc_results/CSCC_NPT-015_T2a.FC22VM72LT3_L8_R1_ICCGCGGTT-AGCGCTAG_fastqc.html
    jobid: 159
    wildcards: sample=CSCC_NPT-015_T2a.FC22VM72LT3_L8_R1_ICCGCGGTT-AGCGCTAG
    resources: tmpdir=/tmp

Submitted job 159 with external jobid 'Submitted batch job 3209898'.

[Fri Dec 20 10:09:17 2024]
rule fastqc_analysis:
    input: /xdisk/khasting/knodele/Mayo_data/RNA_fastqs/085-T2a_B2_RNA.FCHFHK5BBXY_L1_ICGTACG.2.fastq
    output: /xdisk/khasting/knodele/Mayo_data/RNA_raw_fastqc_results/085-T2a_B2_RNA.FCHFHK5BBXY_L1_ICGTACG.2_fastqc.html
    jobid: 6
    wildcards: sample=085-T2a_B2_RNA.FCHFHK5BBXY_L1_ICGTACG.2
    resources: tmpdir=/tmp

Submitted job 6 with external jobid 'Submitted batch job 3209899'.

[Fri Dec 20 10:09:17 2024]
rule fastqc_analysis:
    input: /xdisk/khasting/knodele/Mayo_data/RNA_fastqs/CSCC_19_RNA.FCHWLHCBBXX_L2_IGGCTAC.2.fastq
    output: /xdisk/khasting/knodele/Mayo_data/RNA_raw_fastqc_results/CSCC_19_RNA.FCHWLHCBBXX_L2_IGGCTAC.2_fastqc.html
    jobid: 62
    wildcards: sample=CSCC_19_RNA.FCHWLHCBBXX_L2_IGGCTAC.2
    resources: tmpdir=/tmp

Submitted job 62 with external jobid 'Submitted batch job 3209900'.

[Fri Dec 20 10:09:18 2024]
rule fastqc_analysis:
    input: /xdisk/khasting/knodele/Mayo_data/RNA_fastqs/CSCC_316_T2b_B4_RNA.FCHMVH7BBXY_L8_ICAATTAAC-CGAGATAT.2.fastq
    output: /xdisk/khasting/knodele/Mayo_data/RNA_raw_fastqc_results/CSCC_316_T2b_B4_RNA.FCHMVH7BBXY_L8_ICAATTAAC-CGAGATAT.2_fastqc.html
    jobid: 90
    wildcards: sample=CSCC_316_T2b_B4_RNA.FCHMVH7BBXY_L8_ICAATTAAC-CGAGATAT.2
    resources: tmpdir=/tmp

Submitted job 90 with external jobid 'Submitted batch job 3209901'.

[Fri Dec 20 10:09:18 2024]
rule fastqc_analysis:
    input: /xdisk/khasting/knodele/Mayo_data/RNA_fastqs/CSCC_7_RNA.FCHWLHCBBXX_L1_IGGCTAC.2.fastq
    output: /xdisk/khasting/knodele/Mayo_data/RNA_raw_fastqc_results/CSCC_7_RNA.FCHWLHCBBXX_L1_IGGCTAC.2_fastqc.html
    jobid: 146
    wildcards: sample=CSCC_7_RNA.FCHWLHCBBXX_L1_IGGCTAC.2
    resources: tmpdir=/tmp

Submitted job 146 with external jobid 'Submitted batch job 3209902'.

[Fri Dec 20 10:09:18 2024]
rule fastqc_analysis:
    input: /xdisk/khasting/knodele/Mayo_data/RNA_fastqs/CSCC_NPT-015_T2a.FC22VM72LT3_L8_R2_ICCGCGGTT-AGCGCTAG.fastq
    output: /xdisk/khasting/knodele/Mayo_data/RNA_raw_fastqc_results/CSCC_NPT-015_T2a.FC22VM72LT3_L8_R2_ICCGCGGTT-AGCGCTAG_fastqc.html
    jobid: 160
    wildcards: sample=CSCC_NPT-015_T2a.FC22VM72LT3_L8_R2_ICCGCGGTT-AGCGCTAG
    resources: tmpdir=/tmp

Submitted job 160 with external jobid 'Submitted batch job 3209903'.

[Fri Dec 20 10:09:18 2024]
rule fastqc_analysis:
    input: /xdisk/khasting/knodele/Mayo_data/RNA_fastqs/093-T2a_B2_RNA.FCHFHK5BBXY_L1_IGAGTGG.1.fastq
    output: /xdisk/khasting/knodele/Mayo_data/RNA_raw_fastqc_results/093-T2a_B2_RNA.FCHFHK5BBXY_L1_IGAGTGG.1_fastqc.html
    jobid: 7
    wildcards: sample=093-T2a_B2_RNA.FCHFHK5BBXY_L1_IGAGTGG.1
    resources: tmpdir=/tmp

Submitted job 7 with external jobid 'Submitted batch job 3209904'.

[Fri Dec 20 10:09:19 2024]
rule fastqc_analysis:
    input: /xdisk/khasting/knodele/Mayo_data/RNA_fastqs/CSCC_23_RNA.FCHWLHCBBXX_L3_IGTGGCC.1.fastq
    output: /xdisk/khasting/knodele/Mayo_data/RNA_raw_fastqc_results/CSCC_23_RNA.FCHWLHCBBXX_L3_IGTGGCC.1_fastqc.html
    jobid: 63
    wildcards: sample=CSCC_23_RNA.FCHWLHCBBXX_L3_IGTGGCC.1
    resources: tmpdir=/tmp

Submitted job 63 with external jobid 'Submitted batch job 3209905'.

[Fri Dec 20 10:09:19 2024]
rule fastqc_analysis:
    input: /xdisk/khasting/knodele/Mayo_data/RNA_fastqs/CSCC_320_T2a_B4_RNA.FCHMVH7BBXY_L8_ITGGCCGGT-TAGAGCGC.1.fastq
    output: /xdisk/khasting/knodele/Mayo_data/RNA_raw_fastqc_results/CSCC_320_T2a_B4_RNA.FCHMVH7BBXY_L8_ITGGCCGGT-TAGAGCGC.1_fastqc.html
    jobid: 91
    wildcards: sample=CSCC_320_T2a_B4_RNA.FCHMVH7BBXY_L8_ITGGCCGGT-TAGAGCGC.1
    resources: tmpdir=/tmp

Submitted job 91 with external jobid 'Submitted batch job 3209906'.

[Fri Dec 20 10:09:19 2024]
rule fastqc_analysis:
    input: /xdisk/khasting/knodele/Mayo_data/RNA_fastqs/CSCC_8_RNA.FCHWLHCBBXX_L1_IGTGGCC.1.fastq
    output: /xdisk/khasting/knodele/Mayo_data/RNA_raw_fastqc_results/CSCC_8_RNA.FCHWLHCBBXX_L1_IGTGGCC.1_fastqc.html
    jobid: 147
    wildcards: sample=CSCC_8_RNA.FCHWLHCBBXX_L1_IGTGGCC.1
    resources: tmpdir=/tmp

Submitted job 147 with external jobid 'Submitted batch job 3209907'.

[Fri Dec 20 10:09:19 2024]
rule fastqc_analysis:
    input: /xdisk/khasting/knodele/Mayo_data/RNA_fastqs/CSCC_NPT-017-1_T2b.FC22VM72LT3_L8_R1_ICAAGCTAG-ACATAGCG.fastq
    output: /xdisk/khasting/knodele/Mayo_data/RNA_raw_fastqc_results/CSCC_NPT-017-1_T2b.FC22VM72LT3_L8_R1_ICAAGCTAG-ACATAGCG_fastqc.html
    jobid: 161
    wildcards: sample=CSCC_NPT-017-1_T2b.FC22VM72LT3_L8_R1_ICAAGCTAG-ACATAGCG
    resources: tmpdir=/tmp

Submitted job 161 with external jobid 'Submitted batch job 3209908'.

[Fri Dec 20 10:09:20 2024]
rule fastqc_analysis:
    input: /xdisk/khasting/knodele/Mayo_data/RNA_fastqs/093-T2a_B2_RNA.FCHFHK5BBXY_L1_IGAGTGG.2.fastq
    output: /xdisk/khasting/knodele/Mayo_data/RNA_raw_fastqc_results/093-T2a_B2_RNA.FCHFHK5BBXY_L1_IGAGTGG.2_fastqc.html
    jobid: 8
    wildcards: sample=093-T2a_B2_RNA.FCHFHK5BBXY_L1_IGAGTGG.2
    resources: tmpdir=/tmp

Submitted job 8 with external jobid 'Submitted batch job 3209909'.

[Fri Dec 20 10:09:20 2024]
rule fastqc_analysis:
    input: /xdisk/khasting/knodele/Mayo_data/RNA_fastqs/CSCC_23_RNA.FCHWLHCBBXX_L3_IGTGGCC.2.fastq
    output: /xdisk/khasting/knodele/Mayo_data/RNA_raw_fastqc_results/CSCC_23_RNA.FCHWLHCBBXX_L3_IGTGGCC.2_fastqc.html
    jobid: 64
    wildcards: sample=CSCC_23_RNA.FCHWLHCBBXX_L3_IGTGGCC.2
    resources: tmpdir=/tmp

Submitted job 64 with external jobid 'Submitted batch job 3209910'.

[Fri Dec 20 10:09:20 2024]
rule fastqc_analysis:
    input: /xdisk/khasting/knodele/Mayo_data/RNA_fastqs/CSCC_320_T2a_B4_RNA.FCHMVH7BBXY_L8_ITGGCCGGT-TAGAGCGC.2.fastq
    output: /xdisk/khasting/knodele/Mayo_data/RNA_raw_fastqc_results/CSCC_320_T2a_B4_RNA.FCHMVH7BBXY_L8_ITGGCCGGT-TAGAGCGC.2_fastqc.html
    jobid: 92
    wildcards: sample=CSCC_320_T2a_B4_RNA.FCHMVH7BBXY_L8_ITGGCCGGT-TAGAGCGC.2
    resources: tmpdir=/tmp

Submitted job 92 with external jobid 'Submitted batch job 3209911'.

[Fri Dec 20 10:09:20 2024]
rule fastqc_analysis:
    input: /xdisk/khasting/knodele/Mayo_data/RNA_fastqs/CSCC_8_RNA.FCHWLHCBBXX_L1_IGTGGCC.2.fastq
    output: /xdisk/khasting/knodele/Mayo_data/RNA_raw_fastqc_results/CSCC_8_RNA.FCHWLHCBBXX_L1_IGTGGCC.2_fastqc.html
    jobid: 148
    wildcards: sample=CSCC_8_RNA.FCHWLHCBBXX_L1_IGTGGCC.2
    resources: tmpdir=/tmp

Submitted job 148 with external jobid 'Submitted batch job 3209912'.

[Fri Dec 20 10:09:21 2024]
rule fastqc_analysis:
    input: /xdisk/khasting/knodele/Mayo_data/RNA_fastqs/CSCC_NPT-017-1_T2b.FC22VM72LT3_L8_R2_ICAAGCTAG-ACATAGCG.fastq
    output: /xdisk/khasting/knodele/Mayo_data/RNA_raw_fastqc_results/CSCC_NPT-017-1_T2b.FC22VM72LT3_L8_R2_ICAAGCTAG-ACATAGCG_fastqc.html
    jobid: 162
    wildcards: sample=CSCC_NPT-017-1_T2b.FC22VM72LT3_L8_R2_ICAAGCTAG-ACATAGCG
    resources: tmpdir=/tmp

Submitted job 162 with external jobid 'Submitted batch job 3209913'.

[Fri Dec 20 10:09:21 2024]
rule fastqc_analysis:
    input: /xdisk/khasting/knodele/Mayo_data/RNA_fastqs/097-T2a_B2_RNA.FCHFHK5BBXY_L1_IACTGAT.1.fastq
    output: /xdisk/khasting/knodele/Mayo_data/RNA_raw_fastqc_results/097-T2a_B2_RNA.FCHFHK5BBXY_L1_IACTGAT.1_fastqc.html
    jobid: 9
    wildcards: sample=097-T2a_B2_RNA.FCHFHK5BBXY_L1_IACTGAT.1
    resources: tmpdir=/tmp

Submitted job 9 with external jobid 'Submitted batch job 3209914'.

[Fri Dec 20 10:09:21 2024]
rule fastqc_analysis:
    input: /xdisk/khasting/knodele/Mayo_data/RNA_fastqs/CSCC_24_RNA.FCHWLHCBBXX_L3_IGTTTCG.1.fastq
    output: /xdisk/khasting/knodele/Mayo_data/RNA_raw_fastqc_results/CSCC_24_RNA.FCHWLHCBBXX_L3_IGTTTCG.1_fastqc.html
    jobid: 65
    wildcards: sample=CSCC_24_RNA.FCHWLHCBBXX_L3_IGTTTCG.1
    resources: tmpdir=/tmp

Submitted job 65 with external jobid 'Submitted batch job 3209915'.

[Fri Dec 20 10:09:21 2024]
rule fastqc_analysis:
    input: /xdisk/khasting/knodele/Mayo_data/RNA_fastqs/CSCC_321_T2a_B4_RNA.FCHMVH7BBXY_L6_IAGTACTCC-AACCTGTT.1.fastq
    output: /xdisk/khasting/knodele/Mayo_data/RNA_raw_fastqc_results/CSCC_321_T2a_B4_RNA.FCHMVH7BBXY_L6_IAGTACTCC-AACCTGTT.1_fastqc.html
    jobid: 93
    wildcards: sample=CSCC_321_T2a_B4_RNA.FCHMVH7BBXY_L6_IAGTACTCC-AACCTGTT.1
    resources: tmpdir=/tmp

Submitted job 93 with external jobid 'Submitted batch job 3209916'.

[Fri Dec 20 10:09:21 2024]
rule fastqc_analysis:
    input: /xdisk/khasting/knodele/Mayo_data/RNA_fastqs/CSCC_9_RNA.FCHWLHCBBXX_L1_IGTTTCG.1.fastq
    output: /xdisk/khasting/knodele/Mayo_data/RNA_raw_fastqc_results/CSCC_9_RNA.FCHWLHCBBXX_L1_IGTTTCG.1_fastqc.html
    jobid: 149
    wildcards: sample=CSCC_9_RNA.FCHWLHCBBXX_L1_IGTTTCG.1
    resources: tmpdir=/tmp

Submitted job 149 with external jobid 'Submitted batch job 3209917'.

[Fri Dec 20 10:09:21 2024]
rule fastqc_analysis:
    input: /xdisk/khasting/knodele/Mayo_data/RNA_fastqs/CSCC_NPT-050_T2a.FC22VM72LT3_L8_R1_ITGGATCGA-GTGCGATA.fastq
    output: /xdisk/khasting/knodele/Mayo_data/RNA_raw_fastqc_results/CSCC_NPT-050_T2a.FC22VM72LT3_L8_R1_ITGGATCGA-GTGCGATA_fastqc.html
    jobid: 163
    wildcards: sample=CSCC_NPT-050_T2a.FC22VM72LT3_L8_R1_ITGGATCGA-GTGCGATA
    resources: tmpdir=/tmp

Submitted job 163 with external jobid 'Submitted batch job 3209918'.

[Fri Dec 20 10:09:21 2024]
rule fastqc_analysis:
    input: /xdisk/khasting/knodele/Mayo_data/RNA_fastqs/097-T2a_B2_RNA.FCHFHK5BBXY_L1_IACTGAT.2.fastq
    output: /xdisk/khasting/knodele/Mayo_data/RNA_raw_fastqc_results/097-T2a_B2_RNA.FCHFHK5BBXY_L1_IACTGAT.2_fastqc.html
    jobid: 10
    wildcards: sample=097-T2a_B2_RNA.FCHFHK5BBXY_L1_IACTGAT.2
    resources: tmpdir=/tmp

Submitted job 10 with external jobid 'Submitted batch job 3209919'.

[Fri Dec 20 10:09:22 2024]
rule fastqc_analysis:
    input: /xdisk/khasting/knodele/Mayo_data/RNA_fastqs/CSCC_24_RNA.FCHWLHCBBXX_L3_IGTTTCG.2.fastq
    output: /xdisk/khasting/knodele/Mayo_data/RNA_raw_fastqc_results/CSCC_24_RNA.FCHWLHCBBXX_L3_IGTTTCG.2_fastqc.html
    jobid: 66
    wildcards: sample=CSCC_24_RNA.FCHWLHCBBXX_L3_IGTTTCG.2
    resources: tmpdir=/tmp

Submitted job 66 with external jobid 'Submitted batch job 3209920'.

[Fri Dec 20 10:09:22 2024]
rule fastqc_analysis:
    input: /xdisk/khasting/knodele/Mayo_data/RNA_fastqs/CSCC_321_T2a_B4_RNA.FCHMVH7BBXY_L6_IAGTACTCC-AACCTGTT.2.fastq
    output: /xdisk/khasting/knodele/Mayo_data/RNA_raw_fastqc_results/CSCC_321_T2a_B4_RNA.FCHMVH7BBXY_L6_IAGTACTCC-AACCTGTT.2_fastqc.html
    jobid: 94
    wildcards: sample=CSCC_321_T2a_B4_RNA.FCHMVH7BBXY_L6_IAGTACTCC-AACCTGTT.2
    resources: tmpdir=/tmp

Submitted job 94 with external jobid 'Submitted batch job 3209921'.

[Fri Dec 20 10:09:22 2024]
rule fastqc_analysis:
    input: /xdisk/khasting/knodele/Mayo_data/RNA_fastqs/CSCC_9_RNA.FCHWLHCBBXX_L1_IGTTTCG.2.fastq
    output: /xdisk/khasting/knodele/Mayo_data/RNA_raw_fastqc_results/CSCC_9_RNA.FCHWLHCBBXX_L1_IGTTTCG.2_fastqc.html
    jobid: 150
    wildcards: sample=CSCC_9_RNA.FCHWLHCBBXX_L1_IGTTTCG.2
    resources: tmpdir=/tmp

Submitted job 150 with external jobid 'Submitted batch job 3209922'.

[Fri Dec 20 10:09:22 2024]
rule fastqc_analysis:
    input: /xdisk/khasting/knodele/Mayo_data/RNA_fastqs/CSCC_NPT-050_T2a.FC22VM72LT3_L8_R2_ITGGATCGA-GTGCGATA.fastq
    output: /xdisk/khasting/knodele/Mayo_data/RNA_raw_fastqc_results/CSCC_NPT-050_T2a.FC22VM72LT3_L8_R2_ITGGATCGA-GTGCGATA_fastqc.html
    jobid: 164
    wildcards: sample=CSCC_NPT-050_T2a.FC22VM72LT3_L8_R2_ITGGATCGA-GTGCGATA
    resources: tmpdir=/tmp

Submitted job 164 with external jobid 'Submitted batch job 3209923'.

[Fri Dec 20 10:09:22 2024]
rule fastqc_analysis:
    input: /xdisk/khasting/knodele/Mayo_data/RNA_fastqs/CSCC_27_RNA.FCHWLHCBBXX_L3_IACTGAT.1.fastq
    output: /xdisk/khasting/knodele/Mayo_data/RNA_raw_fastqc_results/CSCC_27_RNA.FCHWLHCBBXX_L3_IACTGAT.1_fastqc.html
    jobid: 67
    wildcards: sample=CSCC_27_RNA.FCHWLHCBBXX_L3_IACTGAT.1
    resources: tmpdir=/tmp

Submitted job 67 with external jobid 'Submitted batch job 3209924'.

[Fri Dec 20 10:09:22 2024]
rule fastqc_analysis:
    input: /xdisk/khasting/knodele/Mayo_data/RNA_fastqs/101-T2a_B2_RNA.FCHFHK5BBXY_L1_IATTCCT.1.fastq
    output: /xdisk/khasting/knodele/Mayo_data/RNA_raw_fastqc_results/101-T2a_B2_RNA.FCHFHK5BBXY_L1_IATTCCT.1_fastqc.html
    jobid: 11
    wildcards: sample=101-T2a_B2_RNA.FCHFHK5BBXY_L1_IATTCCT.1
    resources: tmpdir=/tmp

Submitted job 11 with external jobid 'Submitted batch job 3209925'.

[Fri Dec 20 10:09:22 2024]
rule fastqc_analysis:
    input: /xdisk/khasting/knodele/Mayo_data/RNA_fastqs/163-T2a_B2_RNA.FCHFHK5BBXY_L2_IGTGGCC.1.fastq
    output: /xdisk/khasting/knodele/Mayo_data/RNA_raw_fastqc_results/163-T2a_B2_RNA.FCHFHK5BBXY_L2_IGTGGCC.1_fastqc.html
    jobid: 25
    wildcards: sample=163-T2a_B2_RNA.FCHFHK5BBXY_L2_IGTGGCC.1
    resources: tmpdir=/tmp

Submitted job 25 with external jobid 'Submitted batch job 3209926'.

[Fri Dec 20 10:09:22 2024]
rule fastqc_analysis:
    input: /xdisk/khasting/knodele/Mayo_data/RNA_fastqs/CSCC_322_T2b_B4_RNA.FCHMVH7BBXY_L7_IGACGTCTT-GGTTCACC.1.fastq
    output: /xdisk/khasting/knodele/Mayo_data/RNA_raw_fastqc_results/CSCC_322_T2b_B4_RNA.FCHMVH7BBXY_L7_IGACGTCTT-GGTTCACC.1_fastqc.html
    jobid: 95
    wildcards: sample=CSCC_322_T2b_B4_RNA.FCHMVH7BBXY_L7_IGACGTCTT-GGTTCACC.1
    resources: tmpdir=/tmp

Submitted job 95 with external jobid 'Submitted batch job 3209927'.

[Fri Dec 20 10:09:23 2024]
rule fastqc_analysis:
    input: /xdisk/khasting/knodele/Mayo_data/RNA_fastqs/203-T2b_B2_RNA.FCHFHK5BBXY_L3_ITTAGGC.1.fastq
    output: /xdisk/khasting/knodele/Mayo_data/RNA_raw_fastqc_results/203-T2b_B2_RNA.FCHFHK5BBXY_L3_ITTAGGC.1_fastqc.html
    jobid: 39
    wildcards: sample=203-T2b_B2_RNA.FCHFHK5BBXY_L3_ITTAGGC.1
    resources: tmpdir=/tmp

Submitted job 39 with external jobid 'Submitted batch job 3209928'.

[Fri Dec 20 10:09:23 2024]
rule fastqc_analysis:
    input: /xdisk/khasting/knodele/Mayo_data/RNA_fastqs/CSCC_339_T2b_B4_RNA.FCHMVH7BBXY_L6_ICTGCTTCC-GATAGATC.1.fastq
    output: /xdisk/khasting/knodele/Mayo_data/RNA_raw_fastqc_results/CSCC_339_T2b_B4_RNA.FCHMVH7BBXY_L6_ICTGCTTCC-GATAGATC.1_fastqc.html
    jobid: 109
    wildcards: sample=CSCC_339_T2b_B4_RNA.FCHMVH7BBXY_L6_ICTGCTTCC-GATAGATC.1
    resources: tmpdir=/tmp

Submitted job 109 with external jobid 'Submitted batch job 3209929'.

[Fri Dec 20 10:09:23 2024]
rule fastqc_analysis:
    input: /xdisk/khasting/knodele/Mayo_data/RNA_fastqs/CSCC_374_T2b_B4_RNA.FCHMVH7BBXY_L7_ITATCGCAC-CTTAGTGT.1.fastq
    output: /xdisk/khasting/knodele/Mayo_data/RNA_raw_fastqc_results/CSCC_374_T2b_B4_RNA.FCHMVH7BBXY_L7_ITATCGCAC-CTTAGTGT.1_fastqc.html
    jobid: 123
    wildcards: sample=CSCC_374_T2b_B4_RNA.FCHMVH7BBXY_L7_ITATCGCAC-CTTAGTGT.1
    resources: tmpdir=/tmp

Submitted job 123 with external jobid 'Submitted batch job 3209930'.

[Fri Dec 20 10:09:23 2024]
rule fastqc_analysis:
    input: /xdisk/khasting/knodele/Mayo_data/RNA_fastqs/CSCC_NPT-055_T2a.FC22VM72LT3_L8_R1_IAGTTCAGG-CCAACAGA.fastq
    output: /xdisk/khasting/knodele/Mayo_data/RNA_raw_fastqc_results/CSCC_NPT-055_T2a.FC22VM72LT3_L8_R1_IAGTTCAGG-CCAACAGA_fastqc.html
    jobid: 165
    wildcards: sample=CSCC_NPT-055_T2a.FC22VM72LT3_L8_R1_IAGTTCAGG-CCAACAGA
    resources: tmpdir=/tmp

Submitted job 165 with external jobid 'Submitted batch job 3209931'.

[Fri Dec 20 10:09:24 2024]
rule fastqc_analysis:
    input: /xdisk/khasting/knodele/Mayo_data/RNA_fastqs/101-T2a_B2_RNA.FCHFHK5BBXY_L1_IATTCCT.2.fastq
    output: /xdisk/khasting/knodele/Mayo_data/RNA_raw_fastqc_results/101-T2a_B2_RNA.FCHFHK5BBXY_L1_IATTCCT.2_fastqc.html
    jobid: 12
    wildcards: sample=101-T2a_B2_RNA.FCHFHK5BBXY_L1_IATTCCT.2
    resources: tmpdir=/tmp

Submitted job 12 with external jobid 'Submitted batch job 3209932'.

[Fri Dec 20 10:09:24 2024]
rule fastqc_analysis:
    input: /xdisk/khasting/knodele/Mayo_data/RNA_fastqs/163-T2a_B2_RNA.FCHFHK5BBXY_L2_IGTGGCC.2.fastq
    output: /xdisk/khasting/knodele/Mayo_data/RNA_raw_fastqc_results/163-T2a_B2_RNA.FCHFHK5BBXY_L2_IGTGGCC.2_fastqc.html
    jobid: 26
    wildcards: sample=163-T2a_B2_RNA.FCHFHK5BBXY_L2_IGTGGCC.2
    resources: tmpdir=/tmp

Submitted job 26 with external jobid 'Submitted batch job 3209933'.

[Fri Dec 20 10:09:24 2024]
rule fastqc_analysis:
    input: /xdisk/khasting/knodele/Mayo_data/RNA_fastqs/203-T2b_B2_RNA.FCHFHK5BBXY_L3_ITTAGGC.2.fastq
    output: /xdisk/khasting/knodele/Mayo_data/RNA_raw_fastqc_results/203-T2b_B2_RNA.FCHFHK5BBXY_L3_ITTAGGC.2_fastqc.html
    jobid: 40
    wildcards: sample=203-T2b_B2_RNA.FCHFHK5BBXY_L3_ITTAGGC.2
    resources: tmpdir=/tmp

Submitted job 40 with external jobid 'Submitted batch job 3209934'.

[Fri Dec 20 10:09:24 2024]
rule fastqc_analysis:
    input: /xdisk/khasting/knodele/Mayo_data/RNA_fastqs/CSCC_27_RNA.FCHWLHCBBXX_L3_IACTGAT.2.fastq
    output: /xdisk/khasting/knodele/Mayo_data/RNA_raw_fastqc_results/CSCC_27_RNA.FCHWLHCBBXX_L3_IACTGAT.2_fastqc.html
    jobid: 68
    wildcards: sample=CSCC_27_RNA.FCHWLHCBBXX_L3_IACTGAT.2
    resources: tmpdir=/tmp

Submitted job 68 with external jobid 'Submitted batch job 3209935'.

[Fri Dec 20 10:09:24 2024]
rule fastqc_analysis:
    input: /xdisk/khasting/knodele/Mayo_data/RNA_fastqs/CSCC_339_T2b_B4_RNA.FCHMVH7BBXY_L6_ICTGCTTCC-GATAGATC.2.fastq
    output: /xdisk/khasting/knodele/Mayo_data/RNA_raw_fastqc_results/CSCC_339_T2b_B4_RNA.FCHMVH7BBXY_L6_ICTGCTTCC-GATAGATC.2_fastqc.html
    jobid: 110
    wildcards: sample=CSCC_339_T2b_B4_RNA.FCHMVH7BBXY_L6_ICTGCTTCC-GATAGATC.2
    resources: tmpdir=/tmp

Submitted job 110 with external jobid 'Submitted batch job 3209936'.

[Fri Dec 20 10:09:25 2024]
rule fastqc_analysis:
    input: /xdisk/khasting/knodele/Mayo_data/RNA_fastqs/CSCC_322_T2b_B4_RNA.FCHMVH7BBXY_L7_IGACGTCTT-GGTTCACC.2.fastq
    output: /xdisk/khasting/knodele/Mayo_data/RNA_raw_fastqc_results/CSCC_322_T2b_B4_RNA.FCHMVH7BBXY_L7_IGACGTCTT-GGTTCACC.2_fastqc.html
    jobid: 96
    wildcards: sample=CSCC_322_T2b_B4_RNA.FCHMVH7BBXY_L7_IGACGTCTT-GGTTCACC.2
    resources: tmpdir=/tmp

Submitted job 96 with external jobid 'Submitted batch job 3209937'.

[Fri Dec 20 10:09:25 2024]
rule fastqc_analysis:
    input: /xdisk/khasting/knodele/Mayo_data/RNA_fastqs/CSCC_374_T2b_B4_RNA.FCHMVH7BBXY_L7_ITATCGCAC-CTTAGTGT.2.fastq
    output: /xdisk/khasting/knodele/Mayo_data/RNA_raw_fastqc_results/CSCC_374_T2b_B4_RNA.FCHMVH7BBXY_L7_ITATCGCAC-CTTAGTGT.2_fastqc.html
    jobid: 124
    wildcards: sample=CSCC_374_T2b_B4_RNA.FCHMVH7BBXY_L7_ITATCGCAC-CTTAGTGT.2
    resources: tmpdir=/tmp

Submitted job 124 with external jobid 'Submitted batch job 3209938'.

[Fri Dec 20 10:09:25 2024]
rule fastqc_analysis:
    input: /xdisk/khasting/knodele/Mayo_data/RNA_fastqs/CSCC_NPT-055_T2a.FC22VM72LT3_L8_R2_IAGTTCAGG-CCAACAGA.fastq
    output: /xdisk/khasting/knodele/Mayo_data/RNA_raw_fastqc_results/CSCC_NPT-055_T2a.FC22VM72LT3_L8_R2_IAGTTCAGG-CCAACAGA_fastqc.html
    jobid: 166
    wildcards: sample=CSCC_NPT-055_T2a.FC22VM72LT3_L8_R2_IAGTTCAGG-CCAACAGA
    resources: tmpdir=/tmp

Submitted job 166 with external jobid 'Submitted batch job 3209939'.

[Fri Dec 20 10:09:25 2024]
rule fastqc_analysis:
    input: /xdisk/khasting/knodele/Mayo_data/RNA_fastqs/109-T2a_B2_RNA.FCHFHK5BBXY_L1_IATCACG.1.fastq
    output: /xdisk/khasting/knodele/Mayo_data/RNA_raw_fastqc_results/109-T2a_B2_RNA.FCHFHK5BBXY_L1_IATCACG.1_fastqc.html
    jobid: 13
    wildcards: sample=109-T2a_B2_RNA.FCHFHK5BBXY_L1_IATCACG.1
    resources: tmpdir=/tmp

Submitted job 13 with external jobid 'Submitted batch job 3209940'.

[Fri Dec 20 10:09:25 2024]
rule fastqc_analysis:
    input: /xdisk/khasting/knodele/Mayo_data/RNA_fastqs/165-T2a_B2_RNA.FCHFHK5BBXY_L2_IGTTTCG.1.fastq
    output: /xdisk/khasting/knodele/Mayo_data/RNA_raw_fastqc_results/165-T2a_B2_RNA.FCHFHK5BBXY_L2_IGTTTCG.1_fastqc.html
    jobid: 27
    wildcards: sample=165-T2a_B2_RNA.FCHFHK5BBXY_L2_IGTTTCG.1
    resources: tmpdir=/tmp

Submitted job 27 with external jobid 'Submitted batch job 3209941'.

[Fri Dec 20 10:09:25 2024]
rule fastqc_analysis:
    input: /xdisk/khasting/knodele/Mayo_data/RNA_fastqs/205-T2b_B2_RNA.FCHFHK5BBXY_L3_IACTTGA.1.fastq
    output: /xdisk/khasting/knodele/Mayo_data/RNA_raw_fastqc_results/205-T2b_B2_RNA.FCHFHK5BBXY_L3_IACTTGA.1_fastqc.html
    jobid: 41
    wildcards: sample=205-T2b_B2_RNA.FCHFHK5BBXY_L3_IACTTGA.1
    resources: tmpdir=/tmp

Submitted job 41 with external jobid 'Submitted batch job 3209942'.

[Fri Dec 20 10:09:25 2024]
rule fastqc_analysis:
    input: /xdisk/khasting/knodele/Mayo_data/RNA_fastqs/CSCC_28C_RNA.FCHWLHCBBXX_L3_IATTCCT.1.fastq
    output: /xdisk/khasting/knodele/Mayo_data/RNA_raw_fastqc_results/CSCC_28C_RNA.FCHWLHCBBXX_L3_IATTCCT.1_fastqc.html
    jobid: 69
    wildcards: sample=CSCC_28C_RNA.FCHWLHCBBXX_L3_IATTCCT.1
    resources: tmpdir=/tmp

Submitted job 69 with external jobid 'Submitted batch job 3209943'.

[Fri Dec 20 10:09:25 2024]
rule fastqc_analysis:
    input: /xdisk/khasting/knodele/Mayo_data/RNA_fastqs/CSCC_323_T2b_B4_RNA.FCHMVH7BBXY_L7_ITGCGAGAC-CATTGTTG.1.fastq
    output: /xdisk/khasting/knodele/Mayo_data/RNA_raw_fastqc_results/CSCC_323_T2b_B4_RNA.FCHMVH7BBXY_L7_ITGCGAGAC-CATTGTTG.1_fastqc.html
    jobid: 97
    wildcards: sample=CSCC_323_T2b_B4_RNA.FCHMVH7BBXY_L7_ITGCGAGAC-CATTGTTG.1
    resources: tmpdir=/tmp

Submitted job 97 with external jobid 'Submitted batch job 3209944'.

[Fri Dec 20 10:09:26 2024]
rule fastqc_analysis:
    input: /xdisk/khasting/knodele/Mayo_data/RNA_fastqs/CSCC_346_T3_B4_RNA.FCHMVH7BBXY_L8_IAGGTTATA-CAGTTCCG.1.fastq
    output: /xdisk/khasting/knodele/Mayo_data/RNA_raw_fastqc_results/CSCC_346_T3_B4_RNA.FCHMVH7BBXY_L8_IAGGTTATA-CAGTTCCG.1_fastqc.html
    jobid: 111
    wildcards: sample=CSCC_346_T3_B4_RNA.FCHMVH7BBXY_L8_IAGGTTATA-CAGTTCCG.1
    resources: tmpdir=/tmp

Submitted job 111 with external jobid 'Submitted batch job 3209945'.

[Fri Dec 20 10:09:26 2024]
rule fastqc_analysis:
    input: /xdisk/khasting/knodele/Mayo_data/RNA_fastqs/CSCC_39C_RNA.FCHWLHCBBXX_L4_IGTGGCC.1.fastq
    output: /xdisk/khasting/knodele/Mayo_data/RNA_raw_fastqc_results/CSCC_39C_RNA.FCHWLHCBBXX_L4_IGTGGCC.1_fastqc.html
    jobid: 125
    wildcards: sample=CSCC_39C_RNA.FCHWLHCBBXX_L4_IGTGGCC.1
    resources: tmpdir=/tmp

Submitted job 125 with external jobid 'Submitted batch job 3209946'.

[Fri Dec 20 10:09:26 2024]
rule fastqc_analysis:
    input: /xdisk/khasting/knodele/Mayo_data/RNA_fastqs/CSCC_NPT-062_T2a.FC22VM72LT3_L8_R1_IGACCTGAA-TTGGTGAG.fastq
    output: /xdisk/khasting/knodele/Mayo_data/RNA_raw_fastqc_results/CSCC_NPT-062_T2a.FC22VM72LT3_L8_R1_IGACCTGAA-TTGGTGAG_fastqc.html
    jobid: 167
    wildcards: sample=CSCC_NPT-062_T2a.FC22VM72LT3_L8_R1_IGACCTGAA-TTGGTGAG
    resources: tmpdir=/tmp

Submitted job 167 with external jobid 'Submitted batch job 3209947'.

[Fri Dec 20 10:09:26 2024]
rule fastqc_analysis:
    input: /xdisk/khasting/knodele/Mayo_data/RNA_fastqs/109-T2a_B2_RNA.FCHFHK5BBXY_L1_IATCACG.2.fastq
    output: /xdisk/khasting/knodele/Mayo_data/RNA_raw_fastqc_results/109-T2a_B2_RNA.FCHFHK5BBXY_L1_IATCACG.2_fastqc.html
    jobid: 14
    wildcards: sample=109-T2a_B2_RNA.FCHFHK5BBXY_L1_IATCACG.2
    resources: tmpdir=/tmp

Submitted job 14 with external jobid 'Submitted batch job 3209948'.

[Fri Dec 20 10:09:26 2024]
rule fastqc_analysis:
    input: /xdisk/khasting/knodele/Mayo_data/RNA_fastqs/165-T2a_B2_RNA.FCHFHK5BBXY_L2_IGTTTCG.2.fastq
    output: /xdisk/khasting/knodele/Mayo_data/RNA_raw_fastqc_results/165-T2a_B2_RNA.FCHFHK5BBXY_L2_IGTTTCG.2_fastqc.html
    jobid: 28
    wildcards: sample=165-T2a_B2_RNA.FCHFHK5BBXY_L2_IGTTTCG.2
    resources: tmpdir=/tmp

Submitted job 28 with external jobid 'Submitted batch job 3209949'.

[Fri Dec 20 10:09:27 2024]
rule fastqc_analysis:
    input: /xdisk/khasting/knodele/Mayo_data/RNA_fastqs/205-T2b_B2_RNA.FCHFHK5BBXY_L3_IACTTGA.2.fastq
    output: /xdisk/khasting/knodele/Mayo_data/RNA_raw_fastqc_results/205-T2b_B2_RNA.FCHFHK5BBXY_L3_IACTTGA.2_fastqc.html
    jobid: 42
    wildcards: sample=205-T2b_B2_RNA.FCHFHK5BBXY_L3_IACTTGA.2
    resources: tmpdir=/tmp

Submitted job 42 with external jobid 'Submitted batch job 3209950'.

[Fri Dec 20 10:09:27 2024]
rule fastqc_analysis:
    input: /xdisk/khasting/knodele/Mayo_data/RNA_fastqs/CSCC_28C_RNA.FCHWLHCBBXX_L3_IATTCCT.2.fastq
    output: /xdisk/khasting/knodele/Mayo_data/RNA_raw_fastqc_results/CSCC_28C_RNA.FCHWLHCBBXX_L3_IATTCCT.2_fastqc.html
    jobid: 70
    wildcards: sample=CSCC_28C_RNA.FCHWLHCBBXX_L3_IATTCCT.2
    resources: tmpdir=/tmp

Submitted job 70 with external jobid 'Submitted batch job 3209951'.

[Fri Dec 20 10:09:27 2024]
rule fastqc_analysis:
    input: /xdisk/khasting/knodele/Mayo_data/RNA_fastqs/153-T2a_B2_RNA.FCHFHK5BBXY_L1_IACTTGA.1.fastq
    output: /xdisk/khasting/knodele/Mayo_data/RNA_raw_fastqc_results/153-T2a_B2_RNA.FCHFHK5BBXY_L1_IACTTGA.1_fastqc.html
    jobid: 17
    wildcards: sample=153-T2a_B2_RNA.FCHFHK5BBXY_L1_IACTTGA.1
    resources: tmpdir=/tmp

Submitted job 17 with external jobid 'Submitted batch job 3209952'.

[Fri Dec 20 10:09:27 2024]
rule fastqc_analysis:
    input: /xdisk/khasting/knodele/Mayo_data/RNA_fastqs/169-T2a_B2_RNA.FCHFHK5BBXY_L2_IGAGTGG.1.fastq
    output: /xdisk/khasting/knodele/Mayo_data/RNA_raw_fastqc_results/169-T2a_B2_RNA.FCHFHK5BBXY_L2_IGAGTGG.1_fastqc.html
    jobid: 31
    wildcards: sample=169-T2a_B2_RNA.FCHFHK5BBXY_L2_IGAGTGG.1
    resources: tmpdir=/tmp

Submitted job 31 with external jobid 'Submitted batch job 3209953'.

[Fri Dec 20 10:09:27 2024]
rule fastqc_analysis:
    input: /xdisk/khasting/knodele/Mayo_data/RNA_fastqs/CSCC_10T_RNA.FCHWLHCBBXX_L1_IGAGTGG.1.fastq
    output: /xdisk/khasting/knodele/Mayo_data/RNA_raw_fastqc_results/CSCC_10T_RNA.FCHWLHCBBXX_L1_IGAGTGG.1_fastqc.html
    jobid: 45
    wildcards: sample=CSCC_10T_RNA.FCHWLHCBBXX_L1_IGAGTGG.1
    resources: tmpdir=/tmp

Submitted job 45 with external jobid 'Submitted batch job 3209954'.

[Fri Dec 20 10:09:27 2024]
rule fastqc_analysis:
    input: /xdisk/khasting/knodele/Mayo_data/RNA_fastqs/CSCC_301_T2b_B4_RNA.FCHMVH7BBXY_L6_IGTGTCGGA-GCTTGCGC.1.fastq
    output: /xdisk/khasting/knodele/Mayo_data/RNA_raw_fastqc_results/CSCC_301_T2b_B4_RNA.FCHMVH7BBXY_L6_IGTGTCGGA-GCTTGCGC.1_fastqc.html
    jobid: 73
    wildcards: sample=CSCC_301_T2b_B4_RNA.FCHMVH7BBXY_L6_IGTGTCGGA-GCTTGCGC.1
    resources: tmpdir=/tmp

Submitted job 73 with external jobid 'Submitted batch job 3209955'.

[Fri Dec 20 10:09:42 2024]
rule fastqc_analysis:
    input: /xdisk/khasting/knodele/Mayo_data/RNA_fastqs/CSCC_331_T1-C_B4_RNA.FCHMVH7BBXY_L5_IACAGGCGC-CTCTGCCT.1.fastq
    output: /xdisk/khasting/knodele/Mayo_data/RNA_raw_fastqc_results/CSCC_331_T1-C_B4_RNA.FCHMVH7BBXY_L5_IACAGGCGC-CTCTGCCT.1_fastqc.html
    jobid: 101
    wildcards: sample=CSCC_331_T1-C_B4_RNA.FCHMVH7BBXY_L5_IACAGGCGC-CTCTGCCT.1
    resources: tmpdir=/tmp

Submitted job 101 with external jobid 'Submitted batch job 3209956'.

[Fri Dec 20 10:09:42 2024]
rule fastqc_analysis:
    input: /xdisk/khasting/knodele/Mayo_data/RNA_fastqs/CSCC_359_T2a_B4_RNA.FCHMVH7BBXY_L5_ICTCACCAA-CTAGGCAA.1.fastq
    output: /xdisk/khasting/knodele/Mayo_data/RNA_raw_fastqc_results/CSCC_359_T2a_B4_RNA.FCHMVH7BBXY_L5_ICTCACCAA-CTAGGCAA.1_fastqc.html
    jobid: 115
    wildcards: sample=CSCC_359_T2a_B4_RNA.FCHMVH7BBXY_L5_ICTCACCAA-CTAGGCAA.1
    resources: tmpdir=/tmp

Submitted job 115 with external jobid 'Submitted batch job 3209957'.

[Fri Dec 20 10:09:42 2024]
rule fastqc_analysis:
    input: /xdisk/khasting/knodele/Mayo_data/RNA_fastqs/CSCC_373_T2b_B4_RNA.FCHMVH7BBXY_L7_ITCTGTTGG-TCGAATGG.2.fastq
    output: /xdisk/khasting/knodele/Mayo_data/RNA_raw_fastqc_results/CSCC_373_T2b_B4_RNA.FCHMVH7BBXY_L7_ITCTGTTGG-TCGAATGG.2_fastqc.html
    jobid: 122
    wildcards: sample=CSCC_373_T2b_B4_RNA.FCHMVH7BBXY_L7_ITCTGTTGG-TCGAATGG.2
    resources: tmpdir=/tmp

Submitted job 122 with external jobid 'Submitted batch job 3209958'.

[Fri Dec 20 10:09:42 2024]
rule fastqc_analysis:
    input: /xdisk/khasting/knodele/Mayo_data/RNA_fastqs/CSCC_4_RNA.FCHWLHCBBXX_L1_IACTTGA.2.fastq
    output: /xdisk/khasting/knodele/Mayo_data/RNA_raw_fastqc_results/CSCC_4_RNA.FCHWLHCBBXX_L1_IACTTGA.2_fastqc.html
    jobid: 136
    wildcards: sample=CSCC_4_RNA.FCHWLHCBBXX_L1_IACTTGA.2
    resources: tmpdir=/tmp

Submitted job 136 with external jobid 'Submitted batch job 3209959'.

[Fri Dec 20 10:09:42 2024]
rule fastqc_analysis:
    input: /xdisk/khasting/knodele/Mayo_data/RNA_fastqs/CSCC_NPT-164_T2a.FC22VM72LT3_L8_R2_ICAGTAGGC-TGACGAAT.fastq
    output: /xdisk/khasting/knodele/Mayo_data/RNA_raw_fastqc_results/CSCC_NPT-164_T2a.FC22VM72LT3_L8_R2_ICAGTAGGC-TGACGAAT_fastqc.html
    jobid: 178
    wildcards: sample=CSCC_NPT-164_T2a.FC22VM72LT3_L8_R2_ICAGTAGGC-TGACGAAT
    resources: tmpdir=/tmp

Submitted job 178 with external jobid 'Submitted batch job 3209960'.
[Fri Dec 20 10:12:24 2024]
Finished job 70.
1 of 186 steps (1%) done
Select jobs to execute...

[Fri Dec 20 10:12:24 2024]
rule fastqc_analysis:
    input: /xdisk/khasting/knodele/Mayo_data/RNA_fastqs/CSCC_42C_RNA.FCHWLHCBBXX_L5_IACTGAT.1.fastq
    output: /xdisk/khasting/knodele/Mayo_data/RNA_raw_fastqc_results/CSCC_42C_RNA.FCHWLHCBBXX_L5_IACTGAT.1_fastqc.html
    jobid: 129
    wildcards: sample=CSCC_42C_RNA.FCHWLHCBBXX_L5_IACTGAT.1
    resources: tmpdir=/tmp

Submitted job 129 with external jobid 'Submitted batch job 3209961'.
[Fri Dec 20 10:12:24 2024]
Finished job 17.
2 of 186 steps (1%) done
Select jobs to execute...

[Fri Dec 20 10:12:24 2024]
rule fastqc_analysis:
    input: /xdisk/khasting/knodele/Mayo_data/RNA_fastqs/CSCC_NPT-113_T2b.FC22VM72LT3_L8_R1_ICTCTCGTC-TATAACCT.fastq
    output: /xdisk/khasting/knodele/Mayo_data/RNA_raw_fastqc_results/CSCC_NPT-113_T2b.FC22VM72LT3_L8_R1_ICTCTCGTC-TATAACCT_fastqc.html
    jobid: 171
    wildcards: sample=CSCC_NPT-113_T2b.FC22VM72LT3_L8_R1_ICTCTCGTC-TATAACCT
    resources: tmpdir=/tmp

Submitted job 171 with external jobid 'Submitted batch job 3209962'.
[Fri Dec 20 10:12:26 2024]
Finished job 45.
3 of 186 steps (2%) done
Select jobs to execute...

[Fri Dec 20 10:12:26 2024]
rule fastqc_analysis:
    input: /xdisk/khasting/knodele/Mayo_data/RNA_fastqs/CSCC_359_T2a_B4_RNA.FCHMVH7BBXY_L5_ICTCACCAA-CTAGGCAA.2.fastq
    output: /xdisk/khasting/knodele/Mayo_data/RNA_raw_fastqc_results/CSCC_359_T2a_B4_RNA.FCHMVH7BBXY_L5_ICTCACCAA-CTAGGCAA.2_fastqc.html
    jobid: 116
    wildcards: sample=CSCC_359_T2a_B4_RNA.FCHMVH7BBXY_L5_ICTCACCAA-CTAGGCAA.2
    resources: tmpdir=/tmp

Submitted job 116 with external jobid 'Submitted batch job 3209963'.
[Fri Dec 20 10:12:27 2024]
Finished job 53.
4 of 186 steps (2%) done
Select jobs to execute...

[Fri Dec 20 10:12:27 2024]
rule fastqc_analysis:
    input: /xdisk/khasting/knodele/Mayo_data/RNA_fastqs/153-T2a_B2_RNA.FCHFHK5BBXY_L1_IACTTGA.2.fastq
    output: /xdisk/khasting/knodele/Mayo_data/RNA_raw_fastqc_results/153-T2a_B2_RNA.FCHFHK5BBXY_L1_IACTTGA.2_fastqc.html
    jobid: 18
    wildcards: sample=153-T2a_B2_RNA.FCHFHK5BBXY_L1_IACTTGA.2
    resources: tmpdir=/tmp

Submitted job 18 with external jobid 'Submitted batch job 3209964'.
[Fri Dec 20 10:12:27 2024]
Finished job 54.
5 of 186 steps (3%) done
Select jobs to execute...

[Fri Dec 20 10:12:27 2024]
rule fastqc_analysis:
    input: /xdisk/khasting/knodele/Mayo_data/RNA_fastqs/CSCC_NPT-083_T2a.FC22VM72LT3_L8_R2_ITCTCTACT-CGCGGTTC.fastq
    output: /xdisk/khasting/knodele/Mayo_data/RNA_raw_fastqc_results/CSCC_NPT-083_T2a.FC22VM72LT3_L8_R2_ITCTCTACT-CGCGGTTC_fastqc.html
    jobid: 170
    wildcards: sample=CSCC_NPT-083_T2a.FC22VM72LT3_L8_R2_ITCTCTACT-CGCGGTTC
    resources: tmpdir=/tmp

Submitted job 170 with external jobid 'Submitted batch job 3209965'.
[Fri Dec 20 10:12:29 2024]
Finished job 89.
6 of 186 steps (3%) done
Select jobs to execute...

[Fri Dec 20 10:12:29 2024]
rule fastqc_analysis:
    input: /xdisk/khasting/knodele/Mayo_data/RNA_fastqs/CSCC_42C_RNA.FCHWLHCBBXX_L5_IACTGAT.2.fastq
    output: /xdisk/khasting/knodele/Mayo_data/RNA_raw_fastqc_results/CSCC_42C_RNA.FCHWLHCBBXX_L5_IACTGAT.2_fastqc.html
    jobid: 130
    wildcards: sample=CSCC_42C_RNA.FCHWLHCBBXX_L5_IACTGAT.2
    resources: tmpdir=/tmp

Submitted job 130 with external jobid 'Submitted batch job 3209966'.
[Fri Dec 20 10:12:30 2024]
Finished job 90.
7 of 186 steps (4%) done
Select jobs to execute...

[Fri Dec 20 10:12:30 2024]
rule fastqc_analysis:
    input: /xdisk/khasting/knodele/Mayo_data/RNA_fastqs/CSCC_10T_RNA.FCHWLHCBBXX_L1_IGAGTGG.2.fastq
    output: /xdisk/khasting/knodele/Mayo_data/RNA_raw_fastqc_results/CSCC_10T_RNA.FCHWLHCBBXX_L1_IGAGTGG.2_fastqc.html
    jobid: 46
    wildcards: sample=CSCC_10T_RNA.FCHWLHCBBXX_L1_IGAGTGG.2
    resources: tmpdir=/tmp

Submitted job 46 with external jobid 'Submitted batch job 3209967'.
[Fri Dec 20 10:12:30 2024]
Finished job 147.
8 of 186 steps (4%) done
Select jobs to execute...

[Fri Dec 20 10:12:30 2024]
rule fastqc_analysis:
    input: /xdisk/khasting/knodele/Mayo_data/RNA_fastqs/CSCC_NPT-113_T2b.FC22VM72LT3_L8_R2_ICTCTCGTC-TATAACCT.fastq
    output: /xdisk/khasting/knodele/Mayo_data/RNA_raw_fastqc_results/CSCC_NPT-113_T2b.FC22VM72LT3_L8_R2_ICTCTCGTC-TATAACCT_fastqc.html
    jobid: 172
    wildcards: sample=CSCC_NPT-113_T2b.FC22VM72LT3_L8_R2_ICTCTCGTC-TATAACCT
    resources: tmpdir=/tmp

Submitted job 172 with external jobid 'Submitted batch job 3209968'.
[Fri Dec 20 10:12:31 2024]
Finished job 148.
9 of 186 steps (5%) done
Select jobs to execute...

[Fri Dec 20 10:12:31 2024]
rule fastqc_analysis:
    input: /xdisk/khasting/knodele/Mayo_data/RNA_fastqs/CSCC_367_T2a_B4_RNA.FCHMVH7BBXY_L8_IGTATGTTC-AACAGGAA.1.fastq
    output: /xdisk/khasting/knodele/Mayo_data/RNA_raw_fastqc_results/CSCC_367_T2a_B4_RNA.FCHMVH7BBXY_L8_IGTATGTTC-AACAGGAA.1_fastqc.html
    jobid: 119
    wildcards: sample=CSCC_367_T2a_B4_RNA.FCHMVH7BBXY_L8_IGTATGTTC-AACAGGAA.1
    resources: tmpdir=/tmp

Submitted job 119 with external jobid 'Submitted batch job 3209969'.
[Fri Dec 20 10:12:33 2024]
Finished job 93.
10 of 186 steps (5%) done
[Fri Dec 20 10:12:33 2024]
Finished job 94.
11 of 186 steps (6%) done
[Fri Dec 20 10:12:33 2024]
Finished job 25.
12 of 186 steps (6%) done
Select jobs to execute...

[Fri Dec 20 10:12:33 2024]
rule fastqc_analysis:
    input: /xdisk/khasting/knodele/Mayo_data/RNA_fastqs/CSCC_301_T2b_B4_RNA.FCHMVH7BBXY_L6_IGTGTCGGA-GCTTGCGC.2.fastq
    output: /xdisk/khasting/knodele/Mayo_data/RNA_raw_fastqc_results/CSCC_301_T2b_B4_RNA.FCHMVH7BBXY_L6_IGTGTCGGA-GCTTGCGC.2_fastqc.html
    jobid: 74
    wildcards: sample=CSCC_301_T2b_B4_RNA.FCHMVH7BBXY_L6_IGTGTCGGA-GCTTGCGC.2
    resources: tmpdir=/tmp

Submitted job 74 with external jobid 'Submitted batch job 3209970'.

[Fri Dec 20 10:12:34 2024]
rule fastqc_analysis:
    input: /xdisk/khasting/knodele/Mayo_data/RNA_fastqs/CSCC_39T_RNA.FCHWLHCBBXX_L4_IGGCTAC.1.fastq
    output: /xdisk/khasting/knodele/Mayo_data/RNA_raw_fastqc_results/CSCC_39T_RNA.FCHWLHCBBXX_L4_IGGCTAC.1_fastqc.html
    jobid: 127
    wildcards: sample=CSCC_39T_RNA.FCHWLHCBBXX_L4_IGGCTAC.1
    resources: tmpdir=/tmp

Submitted job 127 with external jobid 'Submitted batch job 3209971'.

[Fri Dec 20 10:12:35 2024]
rule fastqc_analysis:
    input: /xdisk/khasting/knodele/Mayo_data/RNA_fastqs/CSCC_4_RNA.FCHWLHCBBXX_L1_IACTTGA.1.fastq
    output: /xdisk/khasting/knodele/Mayo_data/RNA_raw_fastqc_results/CSCC_4_RNA.FCHWLHCBBXX_L1_IACTTGA.1_fastqc.html
    jobid: 135
    wildcards: sample=CSCC_4_RNA.FCHWLHCBBXX_L1_IACTTGA.1
    resources: tmpdir=/tmp

Submitted job 135 with external jobid 'Submitted batch job 3209972'.
Select jobs to execute...
[Fri Dec 20 10:12:45 2024]
Finished job 69.
13 of 186 steps (7%) done

[Fri Dec 20 10:12:45 2024]
rule fastqc_analysis:
    input: /xdisk/khasting/knodele/Mayo_data/RNA_fastqs/CSCC_335_T2a_B4_RNA.FCHMVH7BBXY_L6_IAACTGTAG-ACGCCGCA.1.fastq
    output: /xdisk/khasting/knodele/Mayo_data/RNA_raw_fastqc_results/CSCC_335_T2a_B4_RNA.FCHMVH7BBXY_L6_IAACTGTAG-ACGCCGCA.1_fastqc.html
    jobid: 105
    wildcards: sample=CSCC_335_T2a_B4_RNA.FCHMVH7BBXY_L6_IAACTGTAG-ACGCCGCA.1
    resources: tmpdir=/tmp

Submitted job 105 with external jobid 'Submitted batch job 3209973'.
[Fri Dec 20 10:12:46 2024]
Finished job 87.
14 of 186 steps (8%) done
Select jobs to execute...

[Fri Dec 20 10:12:46 2024]
rule fastqc_analysis:
    input: /xdisk/khasting/knodele/Mayo_data/RNA_fastqs/CSCC_48_RNA.FCHWLHCBBXX_L5_ITTAGGC.1.fastq
    output: /xdisk/khasting/knodele/Mayo_data/RNA_raw_fastqc_results/CSCC_48_RNA.FCHWLHCBBXX_L5_ITTAGGC.1_fastqc.html
    jobid: 133
    wildcards: sample=CSCC_48_RNA.FCHWLHCBBXX_L5_ITTAGGC.1
    resources: tmpdir=/tmp

Submitted job 133 with external jobid 'Submitted batch job 3209974'.
[Fri Dec 20 10:12:47 2024]
Finished job 88.
15 of 186 steps (8%) done
Select jobs to execute...

[Fri Dec 20 10:12:47 2024]
rule fastqc_analysis:
    input: /xdisk/khasting/knodele/Mayo_data/RNA_fastqs/CSCC_NPT-138_T2a.FC22VM72LT3_L8_R1_ITTGGACTC-GGAAGCAG.fastq
    output: /xdisk/khasting/knodele/Mayo_data/RNA_raw_fastqc_results/CSCC_NPT-138_T2a.FC22VM72LT3_L8_R1_ITTGGACTC-GGAAGCAG_fastqc.html
    jobid: 175
    wildcards: sample=CSCC_NPT-138_T2a.FC22VM72LT3_L8_R1_ITTGGACTC-GGAAGCAG
    resources: tmpdir=/tmp

Submitted job 175 with external jobid 'Submitted batch job 3209975'.
[Fri Dec 20 10:12:51 2024]
Finished job 65.
16 of 186 steps (9%) done
Select jobs to execute...

[Fri Dec 20 10:12:51 2024]
rule fastqc_analysis:
    input: /xdisk/khasting/knodele/Mayo_data/RNA_fastqs/CSCC_323_T2b_B4_RNA.FCHMVH7BBXY_L7_ITGCGAGAC-CATTGTTG.2.fastq
    output: /xdisk/khasting/knodele/Mayo_data/RNA_raw_fastqc_results/CSCC_323_T2b_B4_RNA.FCHMVH7BBXY_L7_ITGCGAGAC-CATTGTTG.2_fastqc.html
    jobid: 98
    wildcards: sample=CSCC_323_T2b_B4_RNA.FCHMVH7BBXY_L7_ITGCGAGAC-CATTGTTG.2
    resources: tmpdir=/tmp

Submitted job 98 with external jobid 'Submitted batch job 3209976'.
[Fri Dec 20 10:12:52 2024]
Finished job 66.
17 of 186 steps (9%) done
Select jobs to execute...

[Fri Dec 20 10:12:52 2024]
rule fastqc_analysis:
    input: /xdisk/khasting/knodele/Mayo_data/RNA_fastqs/CSCC_303_T2a_B4_RNA.FCHMVH7BBXY_L8_ICCTTCACC-GACGCTCC.1.fastq
    output: /xdisk/khasting/knodele/Mayo_data/RNA_raw_fastqc_results/CSCC_303_T2a_B4_RNA.FCHMVH7BBXY_L8_ICCTTCACC-GACGCTCC.1_fastqc.html
    jobid: 77
    wildcards: sample=CSCC_303_T2a_B4_RNA.FCHMVH7BBXY_L8_ICCTTCACC-GACGCTCC.1
    resources: tmpdir=/tmp

Submitted job 77 with external jobid 'Submitted batch job 3209977'.
[Fri Dec 20 10:12:53 2024]
Finished job 26.
18 of 186 steps (10%) done
Select jobs to execute...

[Fri Dec 20 10:12:53 2024]
rule fastqc_analysis:
    input: /xdisk/khasting/knodele/Mayo_data/RNA_fastqs/CSCC_308_T2b_B4_RNA.FCHMVH7BBXY_L7_IACTCGTGT-ATTGGAAC.2.fastq
    output: /xdisk/khasting/knodele/Mayo_data/RNA_raw_fastqc_results/CSCC_308_T2b_B4_RNA.FCHMVH7BBXY_L7_IACTCGTGT-ATTGGAAC.2_fastqc.html
    jobid: 84
    wildcards: sample=CSCC_308_T2b_B4_RNA.FCHMVH7BBXY_L7_IACTCGTGT-ATTGGAAC.2
    resources: tmpdir=/tmp

Submitted job 84 with external jobid 'Submitted batch job 3209978'.
[Fri Dec 20 10:12:54 2024]
Finished job 73.
19 of 186 steps (10%) done
Select jobs to execute...

[Fri Dec 20 10:12:54 2024]
rule fastqc_analysis:
    input: /xdisk/khasting/knodele/Mayo_data/RNA_fastqs/151-T2a_B2_RNA.FCHFHK5BBXY_L1_ITTAGGC.1.fastq
    output: /xdisk/khasting/knodele/Mayo_data/RNA_raw_fastqc_results/151-T2a_B2_RNA.FCHFHK5BBXY_L1_ITTAGGC.1_fastqc.html
    jobid: 15
    wildcards: sample=151-T2a_B2_RNA.FCHFHK5BBXY_L1_ITTAGGC.1
    resources: tmpdir=/tmp

Submitted job 15 with external jobid 'Submitted batch job 3209979'.
[Fri Dec 20 10:13:08 2024]
Finished job 154.
20 of 186 steps (11%) done
Select jobs to execute...

[Fri Dec 20 10:13:08 2024]
rule fastqc_analysis:
    input: /xdisk/khasting/knodele/Mayo_data/RNA_fastqs/167-T2a_B2_RNA.FCHFHK5BBXY_L2_ICGTACG.1.fastq
    output: /xdisk/khasting/knodele/Mayo_data/RNA_raw_fastqc_results/167-T2a_B2_RNA.FCHFHK5BBXY_L2_ICGTACG.1_fastqc.html
    jobid: 29
    wildcards: sample=167-T2a_B2_RNA.FCHFHK5BBXY_L2_ICGTACG.1
    resources: tmpdir=/tmp

Submitted job 29 with external jobid 'Submitted batch job 3209980'.
[Fri Dec 20 10:14:06 2024]
Finished job 111.
21 of 186 steps (11%) done
Select jobs to execute...

[Fri Dec 20 10:14:06 2024]
rule fastqc_analysis:
    input: /xdisk/khasting/knodele/Mayo_data/RNA_fastqs/CSCC_NPT-138_T2a.FC22VM72LT3_L8_R2_ITTGGACTC-GGAAGCAG.fastq
    output: /xdisk/khasting/knodele/Mayo_data/RNA_raw_fastqc_results/CSCC_NPT-138_T2a.FC22VM72LT3_L8_R2_ITTGGACTC-GGAAGCAG_fastqc.html
    jobid: 176
    wildcards: sample=CSCC_NPT-138_T2a.FC22VM72LT3_L8_R2_ITTGGACTC-GGAAGCAG
    resources: tmpdir=/tmp

Submitted job 176 with external jobid 'Submitted batch job 3209981'.
[Fri Dec 20 10:14:08 2024]
Finished job 81.
22 of 186 steps (12%) done
Select jobs to execute...

[Fri Dec 20 10:14:08 2024]
rule fastqc_analysis:
    input: /xdisk/khasting/knodele/Mayo_data/RNA_fastqs/CSCC_10C_RNA.FCHWLHCBBXX_L1_ICGTACG.1.fastq
    output: /xdisk/khasting/knodele/Mayo_data/RNA_raw_fastqc_results/CSCC_10C_RNA.FCHWLHCBBXX_L1_ICGTACG.1_fastqc.html
    jobid: 43
    wildcards: sample=CSCC_10C_RNA.FCHWLHCBBXX_L1_ICGTACG.1
    resources: tmpdir=/tmp

Submitted job 43 with external jobid 'Submitted batch job 3209982'.
[Fri Dec 20 10:14:08 2024]
Finished job 137.
23 of 186 steps (12%) done
Select jobs to execute...

[Fri Dec 20 10:14:08 2024]
rule fastqc_analysis:
    input: /xdisk/khasting/knodele/Mayo_data/RNA_fastqs/CSCC_48_RNA.FCHWLHCBBXX_L5_ITTAGGC.2.fastq
    output: /xdisk/khasting/knodele/Mayo_data/RNA_raw_fastqc_results/CSCC_48_RNA.FCHWLHCBBXX_L5_ITTAGGC.2_fastqc.html
    jobid: 134
    wildcards: sample=CSCC_48_RNA.FCHWLHCBBXX_L5_ITTAGGC.2
    resources: tmpdir=/tmp

Submitted job 134 with external jobid 'Submitted batch job 3209983'.
[Fri Dec 20 10:14:08 2024]
Finished job 82.
24 of 186 steps (13%) done
Select jobs to execute...

[Fri Dec 20 10:14:09 2024]
rule fastqc_analysis:
    input: /xdisk/khasting/knodele/Mayo_data/RNA_fastqs/CSCC_29_RNA.FCHWLHCBBXX_L3_ITTAGGC.1.fastq
    output: /xdisk/khasting/knodele/Mayo_data/RNA_raw_fastqc_results/CSCC_29_RNA.FCHWLHCBBXX_L3_ITTAGGC.1_fastqc.html
    jobid: 71
    wildcards: sample=CSCC_29_RNA.FCHWLHCBBXX_L3_ITTAGGC.1
    resources: tmpdir=/tmp

Submitted job 71 with external jobid 'Submitted batch job 3209984'.
[Fri Dec 20 10:14:09 2024]
Finished job 182.
25 of 186 steps (13%) done
[Fri Dec 20 10:14:09 2024]
Finished job 57.
26 of 186 steps (14%) done
[Fri Dec 20 10:14:09 2024]
Finished job 85.
27 of 186 steps (15%) done
Select jobs to execute...

[Fri Dec 20 10:14:09 2024]
rule fastqc_analysis:
    input: /xdisk/khasting/knodele/Mayo_data/RNA_fastqs/CSCC_NPT-083_T2a.FC22VM72LT3_L8_R1_ITCTCTACT-CGCGGTTC.fastq
    output: /xdisk/khasting/knodele/Mayo_data/RNA_raw_fastqc_results/CSCC_NPT-083_T2a.FC22VM72LT3_L8_R1_ITCTCTACT-CGCGGTTC_fastqc.html
    jobid: 169
    wildcards: sample=CSCC_NPT-083_T2a.FC22VM72LT3_L8_R1_ITCTCTACT-CGCGGTTC
    resources: tmpdir=/tmp

Submitted job 169 with external jobid 'Submitted batch job 3209985'.

[Fri Dec 20 10:14:09 2024]
rule fastqc_analysis:
    input: /xdisk/khasting/knodele/Mayo_data/RNA_fastqs/CSCC_349_T3_B4_RNA.FCHMVH7BBXY_L5_IGAACCGCG-TGACCTTA.1.fastq
    output: /xdisk/khasting/knodele/Mayo_data/RNA_raw_fastqc_results/CSCC_349_T3_B4_RNA.FCHMVH7BBXY_L5_IGAACCGCG-TGACCTTA.1_fastqc.html
    jobid: 113
    wildcards: sample=CSCC_349_T3_B4_RNA.FCHMVH7BBXY_L5_IGAACCGCG-TGACCTTA.1
    resources: tmpdir=/tmp

Submitted job 113 with external jobid 'Submitted batch job 3209986'.

[Fri Dec 20 10:14:09 2024]
rule fastqc_analysis:
    input: /xdisk/khasting/knodele/Mayo_data/RNA_fastqs/CSCC_302_T2a_B4_RNA.FCHMVH7BBXY_L6_ITTCCTGTT-AGTATCTT.1.fastq
    output: /xdisk/khasting/knodele/Mayo_data/RNA_raw_fastqc_results/CSCC_302_T2a_B4_RNA.FCHMVH7BBXY_L6_ITTCCTGTT-AGTATCTT.1_fastqc.html
    jobid: 75
    wildcards: sample=CSCC_302_T2a_B4_RNA.FCHMVH7BBXY_L6_ITTCCTGTT-AGTATCTT.1
    resources: tmpdir=/tmp

Submitted job 75 with external jobid 'Submitted batch job 3209987'.
[Fri Dec 20 10:14:09 2024]
Finished job 183.
28 of 186 steps (15%) done
[Fri Dec 20 10:14:10 2024]
Finished job 58.
29 of 186 steps (16%) done
[Fri Dec 20 10:14:10 2024]
Finished job 86.
30 of 186 steps (16%) done
Select jobs to execute...

[Fri Dec 20 10:14:10 2024]
rule fastqc_analysis:
    input: /xdisk/khasting/knodele/Mayo_data/RNA_fastqs/CSCC_326_T3_B4_RNA.FCHMVH7BBXY_L6_ICATAGAGT-TGCCACCA.1.fastq
    output: /xdisk/khasting/knodele/Mayo_data/RNA_raw_fastqc_results/CSCC_326_T3_B4_RNA.FCHMVH7BBXY_L6_ICATAGAGT-TGCCACCA.1_fastqc.html
    jobid: 99
    wildcards: sample=CSCC_326_T3_B4_RNA.FCHMVH7BBXY_L6_ICATAGAGT-TGCCACCA.1
    resources: tmpdir=/tmp

Submitted job 99 with external jobid 'Submitted batch job 3209988'.

[Fri Dec 20 10:14:10 2024]
rule fastqc_analysis:
    input: /xdisk/khasting/knodele/Mayo_data/RNA_fastqs/167-T2a_B2_RNA.FCHFHK5BBXY_L2_ICGTACG.2.fastq
    output: /xdisk/khasting/knodele/Mayo_data/RNA_raw_fastqc_results/167-T2a_B2_RNA.FCHFHK5BBXY_L2_ICGTACG.2_fastqc.html
    jobid: 30
    wildcards: sample=167-T2a_B2_RNA.FCHFHK5BBXY_L2_ICGTACG.2
    resources: tmpdir=/tmp

Submitted job 30 with external jobid 'Submitted batch job 3209989'.

[Fri Dec 20 10:14:10 2024]
rule fastqc_analysis:
    input: /xdisk/khasting/knodele/Mayo_data/RNA_fastqs/159-T2a_B2_RNA.FCHFHK5BBXY_L2_IGGCTAC.1.fastq
    output: /xdisk/khasting/knodele/Mayo_data/RNA_raw_fastqc_results/159-T2a_B2_RNA.FCHFHK5BBXY_L2_IGGCTAC.1_fastqc.html
    jobid: 23
    wildcards: sample=159-T2a_B2_RNA.FCHFHK5BBXY_L2_IGGCTAC.1
    resources: tmpdir=/tmp

Submitted job 23 with external jobid 'Submitted batch job 3209990'.
[Fri Dec 20 10:14:10 2024]
Finished job 184.
31 of 186 steps (17%) done
Select jobs to execute...

[Fri Dec 20 10:14:10 2024]
rule fastqc_analysis:
    input: /xdisk/khasting/knodele/Mayo_data/RNA_fastqs/CSCC_13_RNA.FCHWLHCBBXX_L2_IATTCCT.2.fastq
    output: /xdisk/khasting/knodele/Mayo_data/RNA_raw_fastqc_results/CSCC_13_RNA.FCHWLHCBBXX_L2_IATTCCT.2_fastqc.html
    jobid: 50
    wildcards: sample=CSCC_13_RNA.FCHWLHCBBXX_L2_IATTCCT.2
    resources: tmpdir=/tmp

Submitted job 50 with external jobid 'Submitted batch job 3209991'.
Select jobs to execute...
[Fri Dec 20 10:14:12 2024]
Finished job 95.
32 of 186 steps (17%) done

[Fri Dec 20 10:14:12 2024]
rule fastqc_analysis:
    input: /xdisk/khasting/knodele/Mayo_data/RNA_fastqs/CSCC_303_T2a_B4_RNA.FCHMVH7BBXY_L8_ICCTTCACC-GACGCTCC.2.fastq
    output: /xdisk/khasting/knodele/Mayo_data/RNA_raw_fastqc_results/CSCC_303_T2a_B4_RNA.FCHMVH7BBXY_L8_ICCTTCACC-GACGCTCC.2_fastqc.html
    jobid: 78
    wildcards: sample=CSCC_303_T2a_B4_RNA.FCHMVH7BBXY_L8_ICCTTCACC-GACGCTCC.2
    resources: tmpdir=/tmp

Submitted job 78 with external jobid 'Submitted batch job 3209992'.
[Fri Dec 20 10:14:13 2024]
Finished job 96.
33 of 186 steps (18%) done
Select jobs to execute...

[Fri Dec 20 10:14:13 2024]
rule fastqc_analysis:
    input: /xdisk/khasting/knodele/Mayo_data/RNA_fastqs/200-T2b_B2_RNA.FCHFHK5BBXY_L2_IATTCCT.2.fastq
    output: /xdisk/khasting/knodele/Mayo_data/RNA_raw_fastqc_results/200-T2b_B2_RNA.FCHFHK5BBXY_L2_IATTCCT.2_fastqc.html
    jobid: 36
    wildcards: sample=200-T2b_B2_RNA.FCHFHK5BBXY_L2_IATTCCT.2
    resources: tmpdir=/tmp

Submitted job 36 with external jobid 'Submitted batch job 3209993'.
[Fri Dec 20 10:14:29 2024]
Finished job 152.
34 of 186 steps (18%) done
Select jobs to execute...

[Fri Dec 20 10:14:29 2024]
rule fastqc_analysis:
    input: /xdisk/khasting/knodele/Mayo_data/RNA_fastqs/CSCC_335_T2a_B4_RNA.FCHMVH7BBXY_L6_IAACTGTAG-ACGCCGCA.2.fastq
    output: /xdisk/khasting/knodele/Mayo_data/RNA_raw_fastqc_results/CSCC_335_T2a_B4_RNA.FCHMVH7BBXY_L6_IAACTGTAG-ACGCCGCA.2_fastqc.html
    jobid: 106
    wildcards: sample=CSCC_335_T2a_B4_RNA.FCHMVH7BBXY_L6_IAACTGTAG-ACGCCGCA.2
    resources: tmpdir=/tmp

Submitted job 106 with external jobid 'Submitted batch job 3209994'.
[Fri Dec 20 10:14:31 2024]
Finished job 7.
35 of 186 steps (19%) done
Select jobs to execute...

[Fri Dec 20 10:14:31 2024]
rule fastqc_analysis:
    input: /xdisk/khasting/knodele/Mayo_data/RNA_fastqs/157-T2a_2_B2_RNA.FCHFHK5BBXY_L2_ITAGCTT.2.fastq
    output: /xdisk/khasting/knodele/Mayo_data/RNA_raw_fastqc_results/157-T2a_2_B2_RNA.FCHFHK5BBXY_L2_ITAGCTT.2_fastqc.html
    jobid: 22
    wildcards: sample=157-T2a_2_B2_RNA.FCHFHK5BBXY_L2_ITAGCTT.2
    resources: tmpdir=/tmp

Submitted job 22 with external jobid 'Submitted batch job 3209995'.
[Fri Dec 20 10:14:31 2024]
Finished job 8.
36 of 186 steps (19%) done
Select jobs to execute...

[Fri Dec 20 10:14:31 2024]
rule fastqc_analysis:
    input: /xdisk/khasting/knodele/Mayo_data/RNA_fastqs/CSCC_367_T2a_B4_RNA.FCHMVH7BBXY_L8_IGTATGTTC-AACAGGAA.2.fastq
    output: /xdisk/khasting/knodele/Mayo_data/RNA_raw_fastqc_results/CSCC_367_T2a_B4_RNA.FCHMVH7BBXY_L8_IGTATGTTC-AACAGGAA.2_fastqc.html
    jobid: 120
    wildcards: sample=CSCC_367_T2a_B4_RNA.FCHMVH7BBXY_L8_IGTATGTTC-AACAGGAA.2
    resources: tmpdir=/tmp

Submitted job 120 with external jobid 'Submitted batch job 3209996'.
[Fri Dec 20 10:14:32 2024]
Finished job 39.
37 of 186 steps (20%) done
Select jobs to execute...

[Fri Dec 20 10:14:32 2024]
rule fastqc_analysis:
    input: /xdisk/khasting/knodele/Mayo_data/RNA_fastqs/171-T2a_B2_RNA.FCHFHK5BBXY_L2_IACTGAT.1.fastq
    output: /xdisk/khasting/knodele/Mayo_data/RNA_raw_fastqc_results/171-T2a_B2_RNA.FCHFHK5BBXY_L2_IACTGAT.1_fastqc.html
    jobid: 33
    wildcards: sample=171-T2a_B2_RNA.FCHFHK5BBXY_L2_IACTGAT.1
    resources: tmpdir=/tmp

Submitted job 33 with external jobid 'Submitted batch job 3209997'.
[Fri Dec 20 10:14:48 2024]
Finished job 46.
38 of 186 steps (20%) done
Select jobs to execute...

[Fri Dec 20 10:14:48 2024]
rule fastqc_analysis:
    input: /xdisk/khasting/knodele/Mayo_data/RNA_fastqs/CSCC_12_RNA.FCHWLHCBBXX_L2_IACTGAT.1.fastq
    output: /xdisk/khasting/knodele/Mayo_data/RNA_raw_fastqc_results/CSCC_12_RNA.FCHWLHCBBXX_L2_IACTGAT.1_fastqc.html
    jobid: 47
    wildcards: sample=CSCC_12_RNA.FCHWLHCBBXX_L2_IACTGAT.1
    resources: tmpdir=/tmp

Submitted job 47 with external jobid 'Submitted batch job 3209998'.
[Fri Dec 20 10:14:48 2024]
Finished job 119.
39 of 186 steps (21%) done
[Fri Dec 20 10:14:48 2024]
Finished job 167.
40 of 186 steps (22%) done
[Fri Dec 20 10:14:48 2024]
Finished job 14.
41 of 186 steps (22%) done
Select jobs to execute...

[Fri Dec 20 10:14:48 2024]
rule fastqc_analysis:
    input: /xdisk/khasting/knodele/Mayo_data/RNA_fastqs/CSCC_304_T2b_B4_RNA.FCHMVH7BBXY_L8_IGCCACAGG-CATGCCAT.1.fastq
    output: /xdisk/khasting/knodele/Mayo_data/RNA_raw_fastqc_results/CSCC_304_T2b_B4_RNA.FCHMVH7BBXY_L8_IGCCACAGG-CATGCCAT.1_fastqc.html
    jobid: 79
    wildcards: sample=CSCC_304_T2b_B4_RNA.FCHMVH7BBXY_L8_IGCCACAGG-CATGCCAT.1
    resources: tmpdir=/tmp

Submitted job 79 with external jobid 'Submitted batch job 3209999'.

[Fri Dec 20 10:14:49 2024]
rule fastqc_analysis:
    input: /xdisk/khasting/knodele/Mayo_data/RNA_fastqs/159-T2a_B2_RNA.FCHFHK5BBXY_L2_IGGCTAC.2.fastq
    output: /xdisk/khasting/knodele/Mayo_data/RNA_raw_fastqc_results/159-T2a_B2_RNA.FCHFHK5BBXY_L2_IGGCTAC.2_fastqc.html
    jobid: 24
    wildcards: sample=159-T2a_B2_RNA.FCHFHK5BBXY_L2_IGGCTAC.2
    resources: tmpdir=/tmp

Submitted job 24 with external jobid 'Submitted batch job 3210000'.

[Fri Dec 20 10:14:49 2024]
rule fastqc_analysis:
    input: /xdisk/khasting/knodele/Mayo_data/RNA_fastqs/CSCC_338_T2b_B4_RNA.FCHMVH7BBXY_L6_IGGTCACGA-GTATTATG.1.fastq
    output: /xdisk/khasting/knodele/Mayo_data/RNA_raw_fastqc_results/CSCC_338_T2b_B4_RNA.FCHMVH7BBXY_L6_IGGTCACGA-GTATTATG.1_fastqc.html
    jobid: 107
    wildcards: sample=CSCC_338_T2b_B4_RNA.FCHMVH7BBXY_L6_IGGTCACGA-GTATTATG.1
    resources: tmpdir=/tmp

Submitted job 107 with external jobid 'Submitted batch job 3210001'.
Select jobs to execute...
[Fri Dec 20 10:14:49 2024]
Finished job 138.
42 of 186 steps (23%) done

[Fri Dec 20 10:14:49 2024]
rule fastqc_analysis:
    input: /xdisk/khasting/knodele/Mayo_data/RNA_fastqs/201-T2b_B2_RNA.FCHFHK5BBXY_L3_IATCACG.1.fastq
    output: /xdisk/khasting/knodele/Mayo_data/RNA_raw_fastqc_results/201-T2b_B2_RNA.FCHFHK5BBXY_L3_IATCACG.1_fastqc.html
    jobid: 37
    wildcards: sample=201-T2b_B2_RNA.FCHFHK5BBXY_L3_IATCACG.1
    resources: tmpdir=/tmp

Submitted job 37 with external jobid 'Submitted batch job 3210002'.
[Fri Dec 20 10:14:51 2024]
Finished job 159.
43 of 186 steps (23%) done
Select jobs to execute...

[Fri Dec 20 10:14:51 2024]
rule fastqc_analysis:
    input: /xdisk/khasting/knodele/Mayo_data/RNA_fastqs/CSCC_16_RNA.FCHWLHCBBXX_L2_IACTTGA.2.fastq
    output: /xdisk/khasting/knodele/Mayo_data/RNA_raw_fastqc_results/CSCC_16_RNA.FCHWLHCBBXX_L2_IACTTGA.2_fastqc.html
    jobid: 56
    wildcards: sample=CSCC_16_RNA.FCHWLHCBBXX_L2_IACTTGA.2
    resources: tmpdir=/tmp

Submitted job 56 with external jobid 'Submitted batch job 3210003'.
[Fri Dec 20 10:14:51 2024]
Finished job 160.
44 of 186 steps (24%) done
Select jobs to execute...

[Fri Dec 20 10:14:51 2024]
rule fastqc_analysis:
    input: /xdisk/khasting/knodele/Mayo_data/RNA_fastqs/CSCC_14_RNA.FCHWLHCBBXX_L2_IATCACG.1.fastq
    output: /xdisk/khasting/knodele/Mayo_data/RNA_raw_fastqc_results/CSCC_14_RNA.FCHWLHCBBXX_L2_IATCACG.1_fastqc.html
    jobid: 51
    wildcards: sample=CSCC_14_RNA.FCHWLHCBBXX_L2_IATCACG.1
    resources: tmpdir=/tmp

Submitted job 51 with external jobid 'Submitted batch job 3210004'.
[Fri Dec 20 10:14:54 2024]
Finished job 40.
45 of 186 steps (24%) done
Select jobs to execute...

[Fri Dec 20 10:14:54 2024]
rule fastqc_analysis:
    input: /xdisk/khasting/knodele/Mayo_data/RNA_fastqs/CSCC_53C_RNA.FCHWLHCBBXX_L6_IGTGGCC.2.fastq
    output: /xdisk/khasting/knodele/Mayo_data/RNA_raw_fastqc_results/CSCC_53C_RNA.FCHWLHCBBXX_L6_IGTGGCC.2_fastqc.html
    jobid: 140
    wildcards: sample=CSCC_53C_RNA.FCHWLHCBBXX_L6_IGTGGCC.2
    resources: tmpdir=/tmp

Submitted job 140 with external jobid 'Submitted batch job 3210005'.
[Fri Dec 20 10:14:54 2024]
Finished job 13.
46 of 186 steps (25%) done
Select jobs to execute...

[Fri Dec 20 10:14:54 2024]
rule fastqc_analysis:
    input: /xdisk/khasting/knodele/Mayo_data/RNA_fastqs/CSCC_373_T2b_B4_RNA.FCHMVH7BBXY_L7_ITCTGTTGG-TCGAATGG.1.fastq
    output: /xdisk/khasting/knodele/Mayo_data/RNA_raw_fastqc_results/CSCC_373_T2b_B4_RNA.FCHMVH7BBXY_L7_ITCTGTTGG-TCGAATGG.1_fastqc.html
    jobid: 121
    wildcards: sample=CSCC_373_T2b_B4_RNA.FCHMVH7BBXY_L7_ITCTGTTGG-TCGAATGG.1
    resources: tmpdir=/tmp

Submitted job 121 with external jobid 'Submitted batch job 3210006'.
[Fri Dec 20 10:15:10 2024]
Finished job 31.
47 of 186 steps (25%) done
Select jobs to execute...

[Fri Dec 20 10:15:10 2024]
rule fastqc_analysis:
    input: /xdisk/khasting/knodele/Mayo_data/RNA_fastqs/CSCC_346_T3_B4_RNA.FCHMVH7BBXY_L8_IAGGTTATA-CAGTTCCG.2.fastq
    output: /xdisk/khasting/knodele/Mayo_data/RNA_raw_fastqc_results/CSCC_346_T3_B4_RNA.FCHMVH7BBXY_L8_IAGGTTATA-CAGTTCCG.2_fastqc.html
    jobid: 112
    wildcards: sample=CSCC_346_T3_B4_RNA.FCHMVH7BBXY_L8_IAGGTTATA-CAGTTCCG.2
    resources: tmpdir=/tmp

Submitted job 112 with external jobid 'Submitted batch job 3210007'.
[Fri Dec 20 10:15:10 2024]
Finished job 141.
48 of 186 steps (26%) done
Select jobs to execute...

[Fri Dec 20 10:15:11 2024]
rule fastqc_analysis:
    input: /xdisk/khasting/knodele/Mayo_data/RNA_fastqs/CSCC_NPT-164_T2a.FC22VM72LT3_L8_R1_ICAGTAGGC-TGACGAAT.fastq
    output: /xdisk/khasting/knodele/Mayo_data/RNA_raw_fastqc_results/CSCC_NPT-164_T2a.FC22VM72LT3_L8_R1_ICAGTAGGC-TGACGAAT_fastqc.html
    jobid: 177
    wildcards: sample=CSCC_NPT-164_T2a.FC22VM72LT3_L8_R1_ICAGTAGGC-TGACGAAT
    resources: tmpdir=/tmp

Submitted job 177 with external jobid 'Submitted batch job 3210008'.
[Fri Dec 20 10:15:11 2024]
Finished job 142.
49 of 186 steps (26%) done
Select jobs to execute...

[Fri Dec 20 10:15:11 2024]
rule fastqc_analysis:
    input: /xdisk/khasting/knodele/Mayo_data/RNA_fastqs/CSCC_39C_RNA.FCHWLHCBBXX_L4_IGTGGCC.2.fastq
    output: /xdisk/khasting/knodele/Mayo_data/RNA_raw_fastqc_results/CSCC_39C_RNA.FCHWLHCBBXX_L4_IGTGGCC.2_fastqc.html
    jobid: 126
    wildcards: sample=CSCC_39C_RNA.FCHWLHCBBXX_L4_IGTGGCC.2
    resources: tmpdir=/tmp

Submitted job 126 with external jobid 'Submitted batch job 3210009'.
[Fri Dec 20 10:15:11 2024]
Finished job 5.
50 of 186 steps (27%) done
Select jobs to execute...

[Fri Dec 20 10:15:11 2024]
rule fastqc_analysis:
    input: /xdisk/khasting/knodele/Mayo_data/RNA_fastqs/CSCC_29_RNA.FCHWLHCBBXX_L3_ITTAGGC.2.fastq
    output: /xdisk/khasting/knodele/Mayo_data/RNA_raw_fastqc_results/CSCC_29_RNA.FCHWLHCBBXX_L3_ITTAGGC.2_fastqc.html
    jobid: 72
    wildcards: sample=CSCC_29_RNA.FCHWLHCBBXX_L3_ITTAGGC.2
    resources: tmpdir=/tmp

Submitted job 72 with external jobid 'Submitted batch job 3210010'.
[Fri Dec 20 10:15:14 2024]
Finished job 68.
51 of 186 steps (27%) done
Select jobs to execute...

[Fri Dec 20 10:15:14 2024]
rule fastqc_analysis:
    input: /xdisk/khasting/knodele/Mayo_data/RNA_fastqs/CSCC_NPT-062_T2a.FC22VM72LT3_L8_R2_IGACCTGAA-TTGGTGAG.fastq
    output: /xdisk/khasting/knodele/Mayo_data/RNA_raw_fastqc_results/CSCC_NPT-062_T2a.FC22VM72LT3_L8_R2_IGACCTGAA-TTGGTGAG_fastqc.html
    jobid: 168
    wildcards: sample=CSCC_NPT-062_T2a.FC22VM72LT3_L8_R2_IGACCTGAA-TTGGTGAG
    resources: tmpdir=/tmp

Submitted job 168 with external jobid 'Submitted batch job 3210011'.
[Fri Dec 20 10:15:27 2024]
Finished job 43.
52 of 186 steps (28%) done
Select jobs to execute...

[Fri Dec 20 10:15:27 2024]
rule fastqc_analysis:
    input: /xdisk/khasting/knodele/Mayo_data/RNA_fastqs/CSCC_326_T3_B4_RNA.FCHMVH7BBXY_L6_ICATAGAGT-TGCCACCA.2.fastq
    output: /xdisk/khasting/knodele/Mayo_data/RNA_raw_fastqc_results/CSCC_326_T3_B4_RNA.FCHMVH7BBXY_L6_ICATAGAGT-TGCCACCA.2_fastqc.html
    jobid: 100
    wildcards: sample=CSCC_326_T3_B4_RNA.FCHMVH7BBXY_L6_ICATAGAGT-TGCCACCA.2
    resources: tmpdir=/tmp

Submitted job 100 with external jobid 'Submitted batch job 3210012'.
[Fri Dec 20 10:15:30 2024]
Finished job 18.
53 of 186 steps (28%) done
Select jobs to execute...

[Fri Dec 20 10:15:30 2024]
rule fastqc_analysis:
    input: /xdisk/khasting/knodele/Mayo_data/RNA_fastqs/CSCC_NPT-001-2_T2b.FC22VM72LT3_L8_R1_ITTATAACC-GATATCGA.fastq
    output: /xdisk/khasting/knodele/Mayo_data/RNA_raw_fastqc_results/CSCC_NPT-001-2_T2b.FC22VM72LT3_L8_R1_ITTATAACC-GATATCGA_fastqc.html
    jobid: 151
    wildcards: sample=CSCC_NPT-001-2_T2b.FC22VM72LT3_L8_R1_ITTATAACC-GATATCGA
    resources: tmpdir=/tmp

Submitted job 151 with external jobid 'Submitted batch job 3210013'.
[Fri Dec 20 10:15:31 2024]
Finished job 125.
54 of 186 steps (29%) done
[Fri Dec 20 10:15:31 2024]
Finished job 42.
55 of 186 steps (30%) done
Select jobs to execute...

[Fri Dec 20 10:15:31 2024]
rule fastqc_analysis:
    input: /xdisk/khasting/knodele/Mayo_data/RNA_fastqs/CSCC_349_T3_B4_RNA.FCHMVH7BBXY_L5_IGAACCGCG-TGACCTTA.2.fastq
    output: /xdisk/khasting/knodele/Mayo_data/RNA_raw_fastqc_results/CSCC_349_T3_B4_RNA.FCHMVH7BBXY_L5_IGAACCGCG-TGACCTTA.2_fastqc.html
    jobid: 114
    wildcards: sample=CSCC_349_T3_B4_RNA.FCHMVH7BBXY_L5_IGAACCGCG-TGACCTTA.2
    resources: tmpdir=/tmp

Submitted job 114 with external jobid 'Submitted batch job 3210014'.

[Fri Dec 20 10:15:31 2024]
rule fastqc_analysis:
    input: /xdisk/khasting/knodele/Mayo_data/RNA_fastqs/CSCC_302_T2a_B4_RNA.FCHMVH7BBXY_L6_ITTCCTGTT-AGTATCTT.2.fastq
    output: /xdisk/khasting/knodele/Mayo_data/RNA_raw_fastqc_results/CSCC_302_T2a_B4_RNA.FCHMVH7BBXY_L6_ITTCCTGTT-AGTATCTT.2_fastqc.html
    jobid: 76
    wildcards: sample=CSCC_302_T2a_B4_RNA.FCHMVH7BBXY_L6_ITTCCTGTT-AGTATCTT.2
    resources: tmpdir=/tmp

Submitted job 76 with external jobid 'Submitted batch job 3210015'.
Select jobs to execute...
[Fri Dec 20 10:15:31 2024]
Finished job 157.
56 of 186 steps (30%) done

[Fri Dec 20 10:15:31 2024]
rule fastqc_analysis:
    input: /xdisk/khasting/knodele/Mayo_data/RNA_fastqs/155-T2a_B2_RNA.FCHFHK5BBXY_L1_IGATCAG.1.fastq
    output: /xdisk/khasting/knodele/Mayo_data/RNA_raw_fastqc_results/155-T2a_B2_RNA.FCHFHK5BBXY_L1_IGATCAG.1_fastqc.html
    jobid: 19
    wildcards: sample=155-T2a_B2_RNA.FCHFHK5BBXY_L1_IGATCAG.1
    resources: tmpdir=/tmp

Submitted job 19 with external jobid 'Submitted batch job 3210016'.
[Fri Dec 20 10:15:31 2024]
Finished job 158.
57 of 186 steps (31%) done
[Fri Dec 20 10:15:31 2024]
Finished job 139.
58 of 186 steps (31%) done
Select jobs to execute...

[Fri Dec 20 10:15:31 2024]
rule fastqc_analysis:
    input: /xdisk/khasting/knodele/Mayo_data/RNA_fastqs/CSCC_10C_RNA.FCHWLHCBBXX_L1_ICGTACG.2.fastq
    output: /xdisk/khasting/knodele/Mayo_data/RNA_raw_fastqc_results/CSCC_10C_RNA.FCHWLHCBBXX_L1_ICGTACG.2_fastqc.html
    jobid: 44
    wildcards: sample=CSCC_10C_RNA.FCHWLHCBBXX_L1_ICGTACG.2
    resources: tmpdir=/tmp

Submitted job 44 with external jobid 'Submitted batch job 3210017'.

[Fri Dec 20 10:15:31 2024]
rule fastqc_analysis:
    input: /xdisk/khasting/knodele/Mayo_data/RNA_fastqs/155-T2a_B2_RNA.FCHFHK5BBXY_L1_IGATCAG.2.fastq
    output: /xdisk/khasting/knodele/Mayo_data/RNA_raw_fastqc_results/155-T2a_B2_RNA.FCHFHK5BBXY_L1_IGATCAG.2_fastqc.html
    jobid: 20
    wildcards: sample=155-T2a_B2_RNA.FCHFHK5BBXY_L1_IGATCAG.2
    resources: tmpdir=/tmp

Submitted job 20 with external jobid 'Submitted batch job 3210018'.
Select jobs to execute...
[Fri Dec 20 10:15:33 2024]
Finished job 10.
59 of 186 steps (32%) done

[Fri Dec 20 10:15:33 2024]
rule fastqc_analysis:
    input: /xdisk/khasting/knodele/Mayo_data/RNA_fastqs/CSCC_331_T1-T_B4_RNA.FCHMVH7BBXY_L5_IGTGAATAT-TCTCATTC.1.fastq
    output: /xdisk/khasting/knodele/Mayo_data/RNA_raw_fastqc_results/CSCC_331_T1-T_B4_RNA.FCHMVH7BBXY_L5_IGTGAATAT-TCTCATTC.1_fastqc.html
    jobid: 103
    wildcards: sample=CSCC_331_T1-T_B4_RNA.FCHMVH7BBXY_L5_IGTGAATAT-TCTCATTC.1
    resources: tmpdir=/tmp

Submitted job 103 with external jobid 'Submitted batch job 3210019'.
[Fri Dec 20 10:15:34 2024]
Finished job 67.
60 of 186 steps (32%) done
Select jobs to execute...

[Fri Dec 20 10:15:34 2024]
rule fastqc_analysis:
    input: /xdisk/khasting/knodele/Mayo_data/RNA_fastqs/CSCC_363_T2a_B4_RNA.FCHMVH7BBXY_L8_ICGCTATGT-TCCGACAC.1.fastq
    output: /xdisk/khasting/knodele/Mayo_data/RNA_raw_fastqc_results/CSCC_363_T2a_B4_RNA.FCHMVH7BBXY_L8_ICGCTATGT-TCCGACAC.1_fastqc.html
    jobid: 117
    wildcards: sample=CSCC_363_T2a_B4_RNA.FCHMVH7BBXY_L8_ICGCTATGT-TCCGACAC.1
    resources: tmpdir=/tmp

Submitted job 117 with external jobid 'Submitted batch job 3210020'.
[Fri Dec 20 10:15:36 2024]
Finished job 41.
61 of 186 steps (33%) done
Select jobs to execute...

[Fri Dec 20 10:15:36 2024]
rule fastqc_analysis:
    input: /xdisk/khasting/knodele/Mayo_data/RNA_fastqs/CSCC_42T_RNA.FCHWLHCBBXX_L4_IGAGTGG.1.fastq
    output: /xdisk/khasting/knodele/Mayo_data/RNA_raw_fastqc_results/CSCC_42T_RNA.FCHWLHCBBXX_L4_IGAGTGG.1_fastqc.html
    jobid: 131
    wildcards: sample=CSCC_42T_RNA.FCHWLHCBBXX_L4_IGAGTGG.1
    resources: tmpdir=/tmp

Submitted job 131 with external jobid 'Submitted batch job 3210021'.
[Fri Dec 20 10:15:51 2024]
Finished job 74.
62 of 186 steps (33%) done
Select jobs to execute...

[Fri Dec 20 10:15:51 2024]
rule fastqc_analysis:
    input: /xdisk/khasting/knodele/Mayo_data/RNA_fastqs/CSCC_NPT-133_T2b.FC22VM72LT3_L8_R1_ICCAAGTCT-AAGGATGA.fastq
    output: /xdisk/khasting/knodele/Mayo_data/RNA_raw_fastqc_results/CSCC_NPT-133_T2b.FC22VM72LT3_L8_R1_ICCAAGTCT-AAGGATGA_fastqc.html
    jobid: 173
    wildcards: sample=CSCC_NPT-133_T2b.FC22VM72LT3_L8_R1_ICCAAGTCT-AAGGATGA
    resources: tmpdir=/tmp

Submitted job 173 with external jobid 'Submitted batch job 3210022'.
[Fri Dec 20 10:15:59 2024]
Finished job 162.
63 of 186 steps (34%) done
[Fri Dec 20 10:15:59 2024]
Finished job 150.
64 of 186 steps (34%) done
Select jobs to execute...

[Fri Dec 20 10:15:59 2024]
rule fastqc_analysis:
    input: /xdisk/khasting/knodele/Mayo_data/RNA_fastqs/CSCC_304_T2b_B4_RNA.FCHMVH7BBXY_L8_IGCCACAGG-CATGCCAT.2.fastq
    output: /xdisk/khasting/knodele/Mayo_data/RNA_raw_fastqc_results/CSCC_304_T2b_B4_RNA.FCHMVH7BBXY_L8_IGCCACAGG-CATGCCAT.2_fastqc.html
    jobid: 80
    wildcards: sample=CSCC_304_T2b_B4_RNA.FCHMVH7BBXY_L8_IGCCACAGG-CATGCCAT.2
    resources: tmpdir=/tmp

Submitted job 80 with external jobid 'Submitted batch job 3210023'.

[Fri Dec 20 10:15:59 2024]
rule fastqc_analysis:
    input: /xdisk/khasting/knodele/Mayo_data/RNA_fastqs/CSCC_16_RNA.FCHWLHCBBXX_L2_IACTTGA.1.fastq
    output: /xdisk/khasting/knodele/Mayo_data/RNA_raw_fastqc_results/CSCC_16_RNA.FCHWLHCBBXX_L2_IACTTGA.1_fastqc.html
    jobid: 55
    wildcards: sample=CSCC_16_RNA.FCHWLHCBBXX_L2_IACTTGA.1
    resources: tmpdir=/tmp

Submitted job 55 with external jobid 'Submitted batch job 3210024'.
Select jobs to execute...
[Fri Dec 20 10:16:11 2024]
Finished job 180.
65 of 186 steps (35%) done

[Fri Dec 20 10:16:11 2024]
rule fastqc_analysis:
    input: /xdisk/khasting/knodele/Mayo_data/RNA_fastqs/CSCC_331_T1-T_B4_RNA.FCHMVH7BBXY_L5_IGTGAATAT-TCTCATTC.2.fastq
    output: /xdisk/khasting/knodele/Mayo_data/RNA_raw_fastqc_results/CSCC_331_T1-T_B4_RNA.FCHMVH7BBXY_L5_IGTGAATAT-TCTCATTC.2_fastqc.html
    jobid: 104
    wildcards: sample=CSCC_331_T1-T_B4_RNA.FCHMVH7BBXY_L5_IGTGAATAT-TCTCATTC.2
    resources: tmpdir=/tmp

Submitted job 104 with external jobid 'Submitted batch job 3210025'.
[Fri Dec 20 10:16:13 2024]
Finished job 161.
66 of 186 steps (35%) done
Select jobs to execute...

[Fri Dec 20 10:16:13 2024]
rule fastqc_analysis:
    input: /xdisk/khasting/knodele/Mayo_data/RNA_fastqs/CSCC_12_RNA.FCHWLHCBBXX_L2_IACTGAT.2.fastq
    output: /xdisk/khasting/knodele/Mayo_data/RNA_raw_fastqc_results/CSCC_12_RNA.FCHWLHCBBXX_L2_IACTGAT.2_fastqc.html
    jobid: 48
    wildcards: sample=CSCC_12_RNA.FCHWLHCBBXX_L2_IACTGAT.2
    resources: tmpdir=/tmp

Submitted job 48 with external jobid 'Submitted batch job 3210026'.
[Fri Dec 20 10:16:13 2024]
Finished job 149.
67 of 186 steps (36%) done
[Fri Dec 20 10:16:13 2024]
Finished job 11.
68 of 186 steps (37%) done
Select jobs to execute...

[Fri Dec 20 10:16:13 2024]
rule fastqc_analysis:
    input: /xdisk/khasting/knodele/Mayo_data/RNA_fastqs/171-T2a_B2_RNA.FCHFHK5BBXY_L2_IACTGAT.2.fastq
    output: /xdisk/khasting/knodele/Mayo_data/RNA_raw_fastqc_results/171-T2a_B2_RNA.FCHFHK5BBXY_L2_IACTGAT.2_fastqc.html
    jobid: 34
    wildcards: sample=171-T2a_B2_RNA.FCHFHK5BBXY_L2_IACTGAT.2
    resources: tmpdir=/tmp

Submitted job 34 with external jobid 'Submitted batch job 3210027'.

[Fri Dec 20 10:16:14 2024]
rule fastqc_analysis:
    input: /xdisk/khasting/knodele/Mayo_data/RNA_fastqs/CSCC_13_RNA.FCHWLHCBBXX_L2_IATTCCT.1.fastq
    output: /xdisk/khasting/knodele/Mayo_data/RNA_raw_fastqc_results/CSCC_13_RNA.FCHWLHCBBXX_L2_IATTCCT.1_fastqc.html
    jobid: 49
    wildcards: sample=CSCC_13_RNA.FCHWLHCBBXX_L2_IATTCCT.1
    resources: tmpdir=/tmp

Submitted job 49 with external jobid 'Submitted batch job 3210028'.
Select jobs to execute...
[Fri Dec 20 10:16:14 2024]
Finished job 12.
69 of 186 steps (37%) done

[Fri Dec 20 10:16:14 2024]
rule fastqc_analysis:
    input: /xdisk/khasting/knodele/Mayo_data/RNA_fastqs/CSCC_14_RNA.FCHWLHCBBXX_L2_IATCACG.2.fastq
    output: /xdisk/khasting/knodele/Mayo_data/RNA_raw_fastqc_results/CSCC_14_RNA.FCHWLHCBBXX_L2_IATCACG.2_fastqc.html
    jobid: 52
    wildcards: sample=CSCC_14_RNA.FCHWLHCBBXX_L2_IATCACG.2
    resources: tmpdir=/tmp

Submitted job 52 with external jobid 'Submitted batch job 3210029'.
[Fri Dec 20 10:16:32 2024]
Finished job 83.
70 of 186 steps (38%) done
Select jobs to execute...

[Fri Dec 20 10:16:32 2024]
rule fastqc_analysis:
    input: /xdisk/khasting/knodele/Mayo_data/RNA_fastqs/CSCC_NPT-133_T2b.FC22VM72LT3_L8_R2_ICCAAGTCT-AAGGATGA.fastq
    output: /xdisk/khasting/knodele/Mayo_data/RNA_raw_fastqc_results/CSCC_NPT-133_T2b.FC22VM72LT3_L8_R2_ICCAAGTCT-AAGGATGA_fastqc.html
    jobid: 174
    wildcards: sample=CSCC_NPT-133_T2b.FC22VM72LT3_L8_R2_ICCAAGTCT-AAGGATGA
    resources: tmpdir=/tmp

Submitted job 174 with external jobid 'Submitted batch job 3210030'.
[Fri Dec 20 10:16:33 2024]
Finished job 145.
71 of 186 steps (38%) done
Select jobs to execute...

[Fri Dec 20 10:16:33 2024]
rule fastqc_analysis:
    input: /xdisk/khasting/knodele/Mayo_data/RNA_fastqs/CSCC_331_T1-C_B4_RNA.FCHMVH7BBXY_L5_IACAGGCGC-CTCTGCCT.2.fastq
    output: /xdisk/khasting/knodele/Mayo_data/RNA_raw_fastqc_results/CSCC_331_T1-C_B4_RNA.FCHMVH7BBXY_L5_IACAGGCGC-CTCTGCCT.2_fastqc.html
    jobid: 102
    wildcards: sample=CSCC_331_T1-C_B4_RNA.FCHMVH7BBXY_L5_IACAGGCGC-CTCTGCCT.2
    resources: tmpdir=/tmp

Submitted job 102 with external jobid 'Submitted batch job 3210031'.
[Fri Dec 20 10:16:34 2024]
Finished job 146.
72 of 186 steps (39%) done
[Fri Dec 20 10:16:34 2024]
Finished job 64.
73 of 186 steps (39%) done
Select jobs to execute...

[Fri Dec 20 10:16:34 2024]
rule fastqc_analysis:
    input: /xdisk/khasting/knodele/Mayo_data/RNA_fastqs/201-T2b_B2_RNA.FCHFHK5BBXY_L3_IATCACG.2.fastq
    output: /xdisk/khasting/knodele/Mayo_data/RNA_raw_fastqc_results/201-T2b_B2_RNA.FCHFHK5BBXY_L3_IATCACG.2_fastqc.html
    jobid: 38
    wildcards: sample=201-T2b_B2_RNA.FCHFHK5BBXY_L3_IATCACG.2
    resources: tmpdir=/tmp

Submitted job 38 with external jobid 'Submitted batch job 3210032'.

[Fri Dec 20 10:16:34 2024]
rule fastqc_analysis:
    input: /xdisk/khasting/knodele/Mayo_data/RNA_fastqs/CSCC_338_T2b_B4_RNA.FCHMVH7BBXY_L6_IGGTCACGA-GTATTATG.2.fastq
    output: /xdisk/khasting/knodele/Mayo_data/RNA_raw_fastqc_results/CSCC_338_T2b_B4_RNA.FCHMVH7BBXY_L6_IGGTCACGA-GTATTATG.2_fastqc.html
    jobid: 108
    wildcards: sample=CSCC_338_T2b_B4_RNA.FCHMVH7BBXY_L6_IGGTCACGA-GTATTATG.2
    resources: tmpdir=/tmp

Submitted job 108 with external jobid 'Submitted batch job 3210033'.
Select jobs to execute...
[Fri Dec 20 10:16:35 2024]
Finished job 127.
74 of 186 steps (40%) done

[Fri Dec 20 10:16:35 2024]
rule fastqc_analysis:
    input: /xdisk/khasting/knodele/Mayo_data/RNA_fastqs/CSCC_39T_RNA.FCHWLHCBBXX_L4_IGGCTAC.2.fastq
    output: /xdisk/khasting/knodele/Mayo_data/RNA_raw_fastqc_results/CSCC_39T_RNA.FCHWLHCBBXX_L4_IGGCTAC.2_fastqc.html
    jobid: 128
    wildcards: sample=CSCC_39T_RNA.FCHWLHCBBXX_L4_IGGCTAC.2
    resources: tmpdir=/tmp

Submitted job 128 with external jobid 'Submitted batch job 3210034'.
[Fri Dec 20 10:16:49 2024]
Finished job 120.
75 of 186 steps (40%) done
Select jobs to execute...

[Fri Dec 20 10:16:49 2024]
rule fastqc_analysis:
    input: /xdisk/khasting/knodele/Mayo_data/RNA_fastqs/CSCC_363_T2a_B4_RNA.FCHMVH7BBXY_L8_ICGCTATGT-TCCGACAC.2.fastq
    output: /xdisk/khasting/knodele/Mayo_data/RNA_raw_fastqc_results/CSCC_363_T2a_B4_RNA.FCHMVH7BBXY_L8_ICGCTATGT-TCCGACAC.2_fastqc.html
    jobid: 118
    wildcards: sample=CSCC_363_T2a_B4_RNA.FCHMVH7BBXY_L8_ICGCTATGT-TCCGACAC.2
    resources: tmpdir=/tmp

Submitted job 118 with external jobid 'Submitted batch job 3210035'.
[Fri Dec 20 10:16:53 2024]
Finished job 29.
76 of 186 steps (41%) done
Select jobs to execute...

[Fri Dec 20 10:16:53 2024]
rule fastqc_analysis:
    input: /xdisk/khasting/knodele/Mayo_data/RNA_fastqs/CSCC_42T_RNA.FCHWLHCBBXX_L4_IGAGTGG.2.fastq
    output: /xdisk/khasting/knodele/Mayo_data/RNA_raw_fastqc_results/CSCC_42T_RNA.FCHWLHCBBXX_L4_IGAGTGG.2_fastqc.html
    jobid: 132
    wildcards: sample=CSCC_42T_RNA.FCHWLHCBBXX_L4_IGAGTGG.2
    resources: tmpdir=/tmp

Submitted job 132 with external jobid 'Submitted batch job 3210036'.
[Fri Dec 20 10:16:53 2024]
Finished job 97.
77 of 186 steps (41%) done
Select jobs to execute...

[Fri Dec 20 10:16:53 2024]
rule fastqc_analysis:
    input: /xdisk/khasting/knodele/Mayo_data/RNA_fastqs/169-T2a_B2_RNA.FCHFHK5BBXY_L2_IGAGTGG.2.fastq
    output: /xdisk/khasting/knodele/Mayo_data/RNA_raw_fastqc_results/169-T2a_B2_RNA.FCHFHK5BBXY_L2_IGAGTGG.2_fastqc.html
    jobid: 32
    wildcards: sample=169-T2a_B2_RNA.FCHFHK5BBXY_L2_IGAGTGG.2
    resources: tmpdir=/tmp

Submitted job 32 with external jobid 'Submitted batch job 3210037'.
[Fri Dec 20 10:16:54 2024]
Finished job 61.
78 of 186 steps (42%) done
Select jobs to execute...

[Fri Dec 20 10:16:54 2024]
rule fastqc_analysis:
    input: /xdisk/khasting/knodele/Mayo_data/RNA_fastqs/151-T2a_B2_RNA.FCHFHK5BBXY_L1_ITTAGGC.2.fastq
    output: /xdisk/khasting/knodele/Mayo_data/RNA_raw_fastqc_results/151-T2a_B2_RNA.FCHFHK5BBXY_L1_ITTAGGC.2_fastqc.html
    jobid: 16
    wildcards: sample=151-T2a_B2_RNA.FCHFHK5BBXY_L1_ITTAGGC.2
    resources: tmpdir=/tmp

Submitted job 16 with external jobid 'Submitted batch job 3210038'.
[Fri Dec 20 10:16:59 2024]
Finished job 62.
79 of 186 steps (42%) done
[Fri Dec 20 10:16:59 2024]
Finished job 63.
80 of 186 steps (43%) done
[Fri Dec 20 10:16:59 2024]
Finished job 15.
81 of 186 steps (44%) done
Select jobs to execute...

[Fri Dec 20 10:16:59 2024]
rule fastqc_analysis:
    input: /xdisk/khasting/knodele/Mayo_data/RNA_fastqs/CSCC_NPT-182_T2b.FC22VM72LT3_L8_R1_ITAATACAG-ATATTCAC.fastq
    output: /xdisk/khasting/knodele/Mayo_data/RNA_raw_fastqc_results/CSCC_NPT-182_T2b.FC22VM72LT3_L8_R1_ITAATACAG-ATATTCAC_fastqc.html
    jobid: 181
    wildcards: sample=CSCC_NPT-182_T2b.FC22VM72LT3_L8_R1_ITAATACAG-ATATTCAC
    resources: tmpdir=/tmp

Submitted job 181 with external jobid 'Submitted batch job 3210039'.

[Fri Dec 20 10:17:00 2024]
rule fastqc_analysis:
    input: /xdisk/khasting/knodele/Mayo_data/RNA_fastqs/CSCC_NPT-169_T2b.FC22VM72LT3_L8_R1_ITGACGAAT-CAGTAGGC.fastq
    output: /xdisk/khasting/knodele/Mayo_data/RNA_raw_fastqc_results/CSCC_NPT-169_T2b.FC22VM72LT3_L8_R1_ITGACGAAT-CAGTAGGC_fastqc.html
    jobid: 179
    wildcards: sample=CSCC_NPT-169_T2b.FC22VM72LT3_L8_R1_ITGACGAAT-CAGTAGGC
    resources: tmpdir=/tmp

Submitted job 179 with external jobid 'Submitted batch job 3210040'.

[Fri Dec 20 10:17:00 2024]
rule fastqc_analysis:
    input: /xdisk/khasting/knodele/Mayo_data/RNA_fastqs/CSCC_NPT-002-1_T2a.FC22VM72LT3_L8_R1_IGGACTTGG-CGCAGACG.fastq
    output: /xdisk/khasting/knodele/Mayo_data/RNA_raw_fastqc_results/CSCC_NPT-002-1_T2a.FC22VM72LT3_L8_R1_IGGACTTGG-CGCAGACG_fastqc.html
    jobid: 153
    wildcards: sample=CSCC_NPT-002-1_T2a.FC22VM72LT3_L8_R1_IGGACTTGG-CGCAGACG
    resources: tmpdir=/tmp

Submitted job 153 with external jobid 'Submitted batch job 3210041'.
Select jobs to execute...
[Fri Dec 20 10:17:07 2024]
Finished job 44.
82 of 186 steps (44%) done

[Fri Dec 20 10:17:07 2024]
rule fastqc_analysis:
    input: /xdisk/khasting/knodele/Mayo_data/RNA_fastqs/073-T2a_B2_RNA.FCHFHK5BBXY_L3_ITAGCTT.1.fastq
    output: /xdisk/khasting/knodele/Mayo_data/RNA_raw_fastqc_results/073-T2a_B2_RNA.FCHFHK5BBXY_L3_ITAGCTT.1_fastqc.html
    jobid: 3
    wildcards: sample=073-T2a_B2_RNA.FCHFHK5BBXY_L3_ITAGCTT.1
    resources: tmpdir=/tmp

Submitted job 3 with external jobid 'Submitted batch job 3210042'.
[Fri Dec 20 10:17:11 2024]
Finished job 98.
83 of 186 steps (45%) done
Select jobs to execute...

[Fri Dec 20 10:17:11 2024]
rule fastqc_analysis:
    input: /xdisk/khasting/knodele/Mayo_data/RNA_fastqs/200-T2b_B2_RNA.FCHFHK5BBXY_L2_IATTCCT.1.fastq
    output: /xdisk/khasting/knodele/Mayo_data/RNA_raw_fastqc_results/200-T2b_B2_RNA.FCHFHK5BBXY_L2_IATTCCT.1_fastqc.html
    jobid: 35
    wildcards: sample=200-T2b_B2_RNA.FCHFHK5BBXY_L2_IATTCCT.1
    resources: tmpdir=/tmp

Submitted job 35 with external jobid 'Submitted batch job 3210043'.
[Fri Dec 20 10:17:13 2024]
Finished job 156.
84 of 186 steps (45%) done
Select jobs to execute...

[Fri Dec 20 10:17:13 2024]
rule fastqc_analysis:
    input: /xdisk/khasting/knodele/Mayo_data/RNA_fastqs/157-T2a_2_B2_RNA.FCHFHK5BBXY_L2_ITAGCTT.1.fastq
    output: /xdisk/khasting/knodele/Mayo_data/RNA_raw_fastqc_results/157-T2a_2_B2_RNA.FCHFHK5BBXY_L2_ITAGCTT.1_fastqc.html
    jobid: 21
    wildcards: sample=157-T2a_2_B2_RNA.FCHFHK5BBXY_L2_ITAGCTT.1
    resources: tmpdir=/tmp

Submitted job 21 with external jobid 'Submitted batch job 3210044'.
[Fri Dec 20 10:17:14 2024]
Finished job 110.
85 of 186 steps (46%) done
[Fri Dec 20 10:17:31 2024]
Finished job 84.
86 of 186 steps (46%) done
[Fri Dec 20 10:17:32 2024]
Finished job 155.
87 of 186 steps (47%) done
[Fri Dec 20 10:17:34 2024]
Finished job 136.
88 of 186 steps (47%) done
[Fri Dec 20 10:17:49 2024]
Finished job 33.
89 of 186 steps (48%) done
[Fri Dec 20 10:17:50 2024]
Finished job 99.
90 of 186 steps (48%) done
[Fri Dec 20 10:17:50 2024]
Finished job 30.
91 of 186 steps (49%) done
[Fri Dec 20 10:18:09 2024]
Finished job 50.
92 of 186 steps (49%) done
[Fri Dec 20 10:18:11 2024]
Finished job 143.
93 of 186 steps (50%) done
[Fri Dec 20 10:18:11 2024]
Finished job 144.
94 of 186 steps (51%) done
[Fri Dec 20 10:18:13 2024]
Finished job 131.
95 of 186 steps (51%) done
[Fri Dec 20 10:18:27 2024]
Finished job 51.
96 of 186 steps (52%) done
[Fri Dec 20 10:18:29 2024]
Finished job 59.
97 of 186 steps (52%) done
[Fri Dec 20 10:18:30 2024]
Finished job 60.
98 of 186 steps (53%) done
[Fri Dec 20 10:18:34 2024]
Finished job 115.
99 of 186 steps (53%) done
[Fri Dec 20 10:18:37 2024]
Finished job 135.
100 of 186 steps (54%) done
[Fri Dec 20 10:18:48 2024]
Finished job 100.
101 of 186 steps (54%) done
[Fri Dec 20 10:18:51 2024]
Finished job 23.
102 of 186 steps (55%) done
[Fri Dec 20 10:18:52 2024]
Finished job 171.
103 of 186 steps (55%) done
[Fri Dec 20 10:18:52 2024]
Finished job 172.
104 of 186 steps (56%) done
[Fri Dec 20 10:18:53 2024]
Finished job 91.
105 of 186 steps (56%) done
[Fri Dec 20 10:18:53 2024]
Finished job 92.
106 of 186 steps (57%) done
[Fri Dec 20 10:19:05 2024]
Finished job 132.
107 of 186 steps (58%) done
[Fri Dec 20 10:19:08 2024]
Finished job 107.
108 of 186 steps (58%) done
[Fri Dec 20 10:19:08 2024]
Finished job 22.
109 of 186 steps (59%) done
[Fri Dec 20 10:19:10 2024]
Finished job 4.
110 of 186 steps (59%) done
[Fri Dec 20 10:19:11 2024]
Finished job 163.
111 of 186 steps (60%) done
[Fri Dec 20 10:19:11 2024]
Finished job 164.
112 of 186 steps (60%) done
[Fri Dec 20 10:19:12 2024]
Finished job 178.
113 of 186 steps (61%) done
[Fri Dec 20 10:19:27 2024]
Finished job 175.
114 of 186 steps (61%) done
[Fri Dec 20 10:19:27 2024]
Finished job 129.
115 of 186 steps (62%) done
[Fri Dec 20 10:19:41 2024]
Finished job 34.
116 of 186 steps (62%) done
[Fri Dec 20 10:19:42 2024]
Finished job 47.
117 of 186 steps (63%) done
[Fri Dec 20 10:19:43 2024]
Finished job 71.
118 of 186 steps (63%) done
[Fri Dec 20 10:19:44 2024]
Finished job 130.
119 of 186 steps (64%) done
[Fri Dec 20 10:19:58 2024]
Finished job 112.
120 of 186 steps (65%) done
[Fri Dec 20 10:19:58 2024]
Finished job 79.
121 of 186 steps (65%) done
[Fri Dec 20 10:19:58 2024]
Finished job 24.
122 of 186 steps (66%) done
[Fri Dec 20 10:19:59 2024]
Finished job 113.
123 of 186 steps (66%) done
[Fri Dec 20 10:20:01 2024]
Finished job 124.
124 of 186 steps (67%) done
[Fri Dec 20 10:20:02 2024]
Finished job 128.
125 of 186 steps (67%) done
[Fri Dec 20 10:20:15 2024]
Finished job 49.
126 of 186 steps (68%) done
[Fri Dec 20 10:20:15 2024]
Finished job 52.
127 of 186 steps (68%) done
[Fri Dec 20 10:20:22 2024]
Finished job 72.
128 of 186 steps (69%) done
[Fri Dec 20 10:20:23 2024]
Finished job 28.
129 of 186 steps (69%) done
[Fri Dec 20 10:20:26 2024]
Finished job 1.
130 of 186 steps (70%) done
[Fri Dec 20 10:20:26 2024]
Finished job 6.
131 of 186 steps (70%) done
[Fri Dec 20 10:20:26 2024]
Finished job 9.
132 of 186 steps (71%) done
[Fri Dec 20 10:20:26 2024]
Finished job 123.
133 of 186 steps (72%) done
[Fri Dec 20 10:20:27 2024]
Finished job 27.
134 of 186 steps (72%) done
[Fri Dec 20 10:20:27 2024]
Finished job 16.
135 of 186 steps (73%) done
[Fri Dec 20 10:20:40 2024]
Finished job 168.
136 of 186 steps (73%) done
[Fri Dec 20 10:20:40 2024]
Finished job 56.
137 of 186 steps (74%) done
[Fri Dec 20 10:20:40 2024]
Finished job 176.
138 of 186 steps (74%) done
[Fri Dec 20 10:20:41 2024]
Finished job 36.
139 of 186 steps (75%) done
[Fri Dec 20 10:20:42 2024]
Finished job 122.
140 of 186 steps (75%) done
[Fri Dec 20 10:20:53 2024]
Finished job 48.
141 of 186 steps (76%) done
[Fri Dec 20 10:20:53 2024]
Finished job 126.
142 of 186 steps (76%) done
[Fri Dec 20 10:20:55 2024]
Finished job 116.
143 of 186 steps (77%) done
[Fri Dec 20 10:21:06 2024]
Finished job 108.
144 of 186 steps (77%) done
[Fri Dec 20 10:21:09 2024]
Finished job 80.
145 of 186 steps (78%) done
[Fri Dec 20 10:21:10 2024]
Finished job 153.
146 of 186 steps (78%) done
[Fri Dec 20 10:21:20 2024]
Finished job 151.
147 of 186 steps (79%) done
[Fri Dec 20 10:21:33 2024]
Finished job 114.
148 of 186 steps (80%) done
[Fri Dec 20 10:21:34 2024]
Finished job 20.
149 of 186 steps (80%) done
[Fri Dec 20 10:21:34 2024]
Finished job 117.
150 of 186 steps (81%) done
[Fri Dec 20 10:21:34 2024]
Finished job 140.
151 of 186 steps (81%) done
[Fri Dec 20 10:21:47 2024]
Finished job 19.
152 of 186 steps (82%) done
[Fri Dec 20 10:21:49 2024]
Finished job 181.
153 of 186 steps (82%) done
[Fri Dec 20 10:22:01 2024]
Finished job 170.
154 of 186 steps (83%) done
[Fri Dec 20 10:22:01 2024]
Finished job 109.
155 of 186 steps (83%) done
[Fri Dec 20 10:22:01 2024]
Finished job 55.
156 of 186 steps (84%) done
[Fri Dec 20 10:22:48 2024]
Finished job 21.
157 of 186 steps (84%) done
[Fri Dec 20 10:22:48 2024]
Finished job 32.
158 of 186 steps (85%) done
[Fri Dec 20 10:22:49 2024]
Finished job 37.
159 of 186 steps (85%) done
[Fri Dec 20 10:22:50 2024]
Finished job 77.
160 of 186 steps (86%) done
[Fri Dec 20 10:22:51 2024]
Finished job 101.
161 of 186 steps (87%) done
[Fri Dec 20 10:22:51 2024]
Finished job 173.
162 of 186 steps (87%) done
[Fri Dec 20 10:23:01 2024]
Finished job 174.
163 of 186 steps (88%) done
[Fri Dec 20 10:23:02 2024]
Finished job 75.
164 of 186 steps (88%) done
[Fri Dec 20 10:23:14 2024]
Finished job 105.
165 of 186 steps (89%) done
[Fri Dec 20 10:23:25 2024]
Finished job 35.
166 of 186 steps (89%) done
[Fri Dec 20 10:23:25 2024]
Finished job 177.
167 of 186 steps (90%) done
[Fri Dec 20 10:23:26 2024]
Finished job 166.
168 of 186 steps (90%) done
[Fri Dec 20 10:23:37 2024]
Finished job 78.
169 of 186 steps (91%) done
[Fri Dec 20 10:24:20 2024]
Finished job 38.
170 of 186 steps (91%) done
[Fri Dec 20 10:24:20 2024]
Finished job 121.
171 of 186 steps (92%) done
[Fri Dec 20 10:24:21 2024]
Finished job 169.
172 of 186 steps (92%) done
[Fri Dec 20 10:24:21 2024]
Finished job 165.
173 of 186 steps (93%) done
[Fri Dec 20 10:24:31 2024]
Finished job 118.
174 of 186 steps (94%) done
[Fri Dec 20 10:24:42 2024]
Finished job 76.
175 of 186 steps (94%) done
[Fri Dec 20 10:24:42 2024]
Finished job 106.
176 of 186 steps (95%) done
[Fri Dec 20 10:24:42 2024]
Finished job 2.
177 of 186 steps (95%) done
[Fri Dec 20 10:25:23 2024]
Finished job 179.
178 of 186 steps (96%) done
[Fri Dec 20 10:25:53 2024]
Finished job 133.
179 of 186 steps (96%) done
[Fri Dec 20 10:26:23 2024]
Finished job 3.
180 of 186 steps (97%) done
[Fri Dec 20 10:26:23 2024]
Finished job 104.
181 of 186 steps (97%) done
[Fri Dec 20 10:26:23 2024]
Finished job 134.
182 of 186 steps (98%) done
[Fri Dec 20 10:27:59 2024]
Finished job 103.
183 of 186 steps (98%) done
[Fri Dec 20 10:29:30 2024]
Finished job 102.
184 of 186 steps (99%) done
Select jobs to execute...

[Fri Dec 20 10:29:30 2024]
rule multiqc_analysis:
    input: /xdisk/khasting/knodele/Mayo_data/RNA_raw_fastqc_results/072-T2b_B2_RNA.FCHFHK5BBXY_L3_IGATCAG.1_fastqc.html, /xdisk/khasting/knodele/Mayo_data/RNA_raw_fastqc_results/072-T2b_B2_RNA.FCHFHK5BBXY_L3_IGATCAG.2_fastqc.html, /xdisk/khasting/knodele/Mayo_data/RNA_raw_fastqc_results/073-T2a_B2_RNA.FCHFHK5BBXY_L3_ITAGCTT.1_fastqc.html, /xdisk/khasting/knodele/Mayo_data/RNA_raw_fastqc_results/073-T2a_B2_RNA.FCHFHK5BBXY_L3_ITAGCTT.2_fastqc.html, /xdisk/khasting/knodele/Mayo_data/RNA_raw_fastqc_results/085-T2a_B2_RNA.FCHFHK5BBXY_L1_ICGTACG.1_fastqc.html, /xdisk/khasting/knodele/Mayo_data/RNA_raw_fastqc_results/085-T2a_B2_RNA.FCHFHK5BBXY_L1_ICGTACG.2_fastqc.html, /xdisk/khasting/knodele/Mayo_data/RNA_raw_fastqc_results/093-T2a_B2_RNA.FCHFHK5BBXY_L1_IGAGTGG.1_fastqc.html, /xdisk/khasting/knodele/Mayo_data/RNA_raw_fastqc_results/093-T2a_B2_RNA.FCHFHK5BBXY_L1_IGAGTGG.2_fastqc.html, /xdisk/khasting/knodele/Mayo_data/RNA_raw_fastqc_results/097-T2a_B2_RNA.FCHFHK5BBXY_L1_IACTGAT.1_fastqc.html, /xdisk/khasting/knodele/Mayo_data/RNA_raw_fastqc_results/097-T2a_B2_RNA.FCHFHK5BBXY_L1_IACTGAT.2_fastqc.html, /xdisk/khasting/knodele/Mayo_data/RNA_raw_fastqc_results/101-T2a_B2_RNA.FCHFHK5BBXY_L1_IATTCCT.1_fastqc.html, /xdisk/khasting/knodele/Mayo_data/RNA_raw_fastqc_results/101-T2a_B2_RNA.FCHFHK5BBXY_L1_IATTCCT.2_fastqc.html, /xdisk/khasting/knodele/Mayo_data/RNA_raw_fastqc_results/109-T2a_B2_RNA.FCHFHK5BBXY_L1_IATCACG.1_fastqc.html, /xdisk/khasting/knodele/Mayo_data/RNA_raw_fastqc_results/109-T2a_B2_RNA.FCHFHK5BBXY_L1_IATCACG.2_fastqc.html, /xdisk/khasting/knodele/Mayo_data/RNA_raw_fastqc_results/151-T2a_B2_RNA.FCHFHK5BBXY_L1_ITTAGGC.1_fastqc.html, /xdisk/khasting/knodele/Mayo_data/RNA_raw_fastqc_results/151-T2a_B2_RNA.FCHFHK5BBXY_L1_ITTAGGC.2_fastqc.html, /xdisk/khasting/knodele/Mayo_data/RNA_raw_fastqc_results/153-T2a_B2_RNA.FCHFHK5BBXY_L1_IACTTGA.1_fastqc.html, /xdisk/khasting/knodele/Mayo_data/RNA_raw_fastqc_results/153-T2a_B2_RNA.FCHFHK5BBXY_L1_IACTTGA.2_fastqc.html, /xdisk/khasting/knodele/Mayo_data/RNA_raw_fastqc_results/155-T2a_B2_RNA.FCHFHK5BBXY_L1_IGATCAG.1_fastqc.html, /xdisk/khasting/knodele/Mayo_data/RNA_raw_fastqc_results/155-T2a_B2_RNA.FCHFHK5BBXY_L1_IGATCAG.2_fastqc.html, /xdisk/khasting/knodele/Mayo_data/RNA_raw_fastqc_results/157-T2a_2_B2_RNA.FCHFHK5BBXY_L2_ITAGCTT.1_fastqc.html, /xdisk/khasting/knodele/Mayo_data/RNA_raw_fastqc_results/157-T2a_2_B2_RNA.FCHFHK5BBXY_L2_ITAGCTT.2_fastqc.html, /xdisk/khasting/knodele/Mayo_data/RNA_raw_fastqc_results/159-T2a_B2_RNA.FCHFHK5BBXY_L2_IGGCTAC.1_fastqc.html, /xdisk/khasting/knodele/Mayo_data/RNA_raw_fastqc_results/159-T2a_B2_RNA.FCHFHK5BBXY_L2_IGGCTAC.2_fastqc.html, /xdisk/khasting/knodele/Mayo_data/RNA_raw_fastqc_results/163-T2a_B2_RNA.FCHFHK5BBXY_L2_IGTGGCC.1_fastqc.html, /xdisk/khasting/knodele/Mayo_data/RNA_raw_fastqc_results/163-T2a_B2_RNA.FCHFHK5BBXY_L2_IGTGGCC.2_fastqc.html, /xdisk/khasting/knodele/Mayo_data/RNA_raw_fastqc_results/165-T2a_B2_RNA.FCHFHK5BBXY_L2_IGTTTCG.1_fastqc.html, /xdisk/khasting/knodele/Mayo_data/RNA_raw_fastqc_results/165-T2a_B2_RNA.FCHFHK5BBXY_L2_IGTTTCG.2_fastqc.html, /xdisk/khasting/knodele/Mayo_data/RNA_raw_fastqc_results/167-T2a_B2_RNA.FCHFHK5BBXY_L2_ICGTACG.1_fastqc.html, /xdisk/khasting/knodele/Mayo_data/RNA_raw_fastqc_results/167-T2a_B2_RNA.FCHFHK5BBXY_L2_ICGTACG.2_fastqc.html, /xdisk/khasting/knodele/Mayo_data/RNA_raw_fastqc_results/169-T2a_B2_RNA.FCHFHK5BBXY_L2_IGAGTGG.1_fastqc.html, /xdisk/khasting/knodele/Mayo_data/RNA_raw_fastqc_results/169-T2a_B2_RNA.FCHFHK5BBXY_L2_IGAGTGG.2_fastqc.html, /xdisk/khasting/knodele/Mayo_data/RNA_raw_fastqc_results/171-T2a_B2_RNA.FCHFHK5BBXY_L2_IACTGAT.1_fastqc.html, /xdisk/khasting/knodele/Mayo_data/RNA_raw_fastqc_results/171-T2a_B2_RNA.FCHFHK5BBXY_L2_IACTGAT.2_fastqc.html, /xdisk/khasting/knodele/Mayo_data/RNA_raw_fastqc_results/200-T2b_B2_RNA.FCHFHK5BBXY_L2_IATTCCT.1_fastqc.html, /xdisk/khasting/knodele/Mayo_data/RNA_raw_fastqc_results/200-T2b_B2_RNA.FCHFHK5BBXY_L2_IATTCCT.2_fastqc.html, /xdisk/khasting/knodele/Mayo_data/RNA_raw_fastqc_results/201-T2b_B2_RNA.FCHFHK5BBXY_L3_IATCACG.1_fastqc.html, /xdisk/khasting/knodele/Mayo_data/RNA_raw_fastqc_results/201-T2b_B2_RNA.FCHFHK5BBXY_L3_IATCACG.2_fastqc.html, /xdisk/khasting/knodele/Mayo_data/RNA_raw_fastqc_results/203-T2b_B2_RNA.FCHFHK5BBXY_L3_ITTAGGC.1_fastqc.html, /xdisk/khasting/knodele/Mayo_data/RNA_raw_fastqc_results/203-T2b_B2_RNA.FCHFHK5BBXY_L3_ITTAGGC.2_fastqc.html, /xdisk/khasting/knodele/Mayo_data/RNA_raw_fastqc_results/205-T2b_B2_RNA.FCHFHK5BBXY_L3_IACTTGA.1_fastqc.html, /xdisk/khasting/knodele/Mayo_data/RNA_raw_fastqc_results/205-T2b_B2_RNA.FCHFHK5BBXY_L3_IACTTGA.2_fastqc.html, /xdisk/khasting/knodele/Mayo_data/RNA_raw_fastqc_results/CSCC_10C_RNA.FCHWLHCBBXX_L1_ICGTACG.1_fastqc.html, /xdisk/khasting/knodele/Mayo_data/RNA_raw_fastqc_results/CSCC_10C_RNA.FCHWLHCBBXX_L1_ICGTACG.2_fastqc.html, /xdisk/khasting/knodele/Mayo_data/RNA_raw_fastqc_results/CSCC_10T_RNA.FCHWLHCBBXX_L1_IGAGTGG.1_fastqc.html, /xdisk/khasting/knodele/Mayo_data/RNA_raw_fastqc_results/CSCC_10T_RNA.FCHWLHCBBXX_L1_IGAGTGG.2_fastqc.html, /xdisk/khasting/knodele/Mayo_data/RNA_raw_fastqc_results/CSCC_12_RNA.FCHWLHCBBXX_L2_IACTGAT.1_fastqc.html, /xdisk/khasting/knodele/Mayo_data/RNA_raw_fastqc_results/CSCC_12_RNA.FCHWLHCBBXX_L2_IACTGAT.2_fastqc.html, /xdisk/khasting/knodele/Mayo_data/RNA_raw_fastqc_results/CSCC_13_RNA.FCHWLHCBBXX_L2_IATTCCT.1_fastqc.html, /xdisk/khasting/knodele/Mayo_data/RNA_raw_fastqc_results/CSCC_13_RNA.FCHWLHCBBXX_L2_IATTCCT.2_fastqc.html, /xdisk/khasting/knodele/Mayo_data/RNA_raw_fastqc_results/CSCC_14_RNA.FCHWLHCBBXX_L2_IATCACG.1_fastqc.html, /xdisk/khasting/knodele/Mayo_data/RNA_raw_fastqc_results/CSCC_14_RNA.FCHWLHCBBXX_L2_IATCACG.2_fastqc.html, /xdisk/khasting/knodele/Mayo_data/RNA_raw_fastqc_results/CSCC_15_RNA.FCHWLHCBBXX_L2_ITTAGGC.1_fastqc.html, /xdisk/khasting/knodele/Mayo_data/RNA_raw_fastqc_results/CSCC_15_RNA.FCHWLHCBBXX_L2_ITTAGGC.2_fastqc.html, /xdisk/khasting/knodele/Mayo_data/RNA_raw_fastqc_results/CSCC_16_RNA.FCHWLHCBBXX_L2_IACTTGA.1_fastqc.html, /xdisk/khasting/knodele/Mayo_data/RNA_raw_fastqc_results/CSCC_16_RNA.FCHWLHCBBXX_L2_IACTTGA.2_fastqc.html, /xdisk/khasting/knodele/Mayo_data/RNA_raw_fastqc_results/CSCC_17_RNA.FCHWLHCBBXX_L2_IGATCAG.1_fastqc.html, /xdisk/khasting/knodele/Mayo_data/RNA_raw_fastqc_results/CSCC_17_RNA.FCHWLHCBBXX_L2_IGATCAG.2_fastqc.html, /xdisk/khasting/knodele/Mayo_data/RNA_raw_fastqc_results/CSCC_18_RNA.FCHWLHCBBXX_L2_ITAGCTT.1_fastqc.html, /xdisk/khasting/knodele/Mayo_data/RNA_raw_fastqc_results/CSCC_18_RNA.FCHWLHCBBXX_L2_ITAGCTT.2_fastqc.html, /xdisk/khasting/knodele/Mayo_data/RNA_raw_fastqc_results/CSCC_19_RNA.FCHWLHCBBXX_L2_IGGCTAC.1_fastqc.html, /xdisk/khasting/knodele/Mayo_data/RNA_raw_fastqc_results/CSCC_19_RNA.FCHWLHCBBXX_L2_IGGCTAC.2_fastqc.html, /xdisk/khasting/knodele/Mayo_data/RNA_raw_fastqc_results/CSCC_23_RNA.FCHWLHCBBXX_L3_IGTGGCC.1_fastqc.html, /xdisk/khasting/knodele/Mayo_data/RNA_raw_fastqc_results/CSCC_23_RNA.FCHWLHCBBXX_L3_IGTGGCC.2_fastqc.html, /xdisk/khasting/knodele/Mayo_data/RNA_raw_fastqc_results/CSCC_24_RNA.FCHWLHCBBXX_L3_IGTTTCG.1_fastqc.html, /xdisk/khasting/knodele/Mayo_data/RNA_raw_fastqc_results/CSCC_24_RNA.FCHWLHCBBXX_L3_IGTTTCG.2_fastqc.html, /xdisk/khasting/knodele/Mayo_data/RNA_raw_fastqc_results/CSCC_27_RNA.FCHWLHCBBXX_L3_IACTGAT.1_fastqc.html, /xdisk/khasting/knodele/Mayo_data/RNA_raw_fastqc_results/CSCC_27_RNA.FCHWLHCBBXX_L3_IACTGAT.2_fastqc.html, /xdisk/khasting/knodele/Mayo_data/RNA_raw_fastqc_results/CSCC_28C_RNA.FCHWLHCBBXX_L3_IATTCCT.1_fastqc.html, /xdisk/khasting/knodele/Mayo_data/RNA_raw_fastqc_results/CSCC_28C_RNA.FCHWLHCBBXX_L3_IATTCCT.2_fastqc.html, /xdisk/khasting/knodele/Mayo_data/RNA_raw_fastqc_results/CSCC_29_RNA.FCHWLHCBBXX_L3_ITTAGGC.1_fastqc.html, /xdisk/khasting/knodele/Mayo_data/RNA_raw_fastqc_results/CSCC_29_RNA.FCHWLHCBBXX_L3_ITTAGGC.2_fastqc.html, /xdisk/khasting/knodele/Mayo_data/RNA_raw_fastqc_results/CSCC_301_T2b_B4_RNA.FCHMVH7BBXY_L6_IGTGTCGGA-GCTTGCGC.1_fastqc.html, /xdisk/khasting/knodele/Mayo_data/RNA_raw_fastqc_results/CSCC_301_T2b_B4_RNA.FCHMVH7BBXY_L6_IGTGTCGGA-GCTTGCGC.2_fastqc.html, /xdisk/khasting/knodele/Mayo_data/RNA_raw_fastqc_results/CSCC_302_T2a_B4_RNA.FCHMVH7BBXY_L6_ITTCCTGTT-AGTATCTT.1_fastqc.html, /xdisk/khasting/knodele/Mayo_data/RNA_raw_fastqc_results/CSCC_302_T2a_B4_RNA.FCHMVH7BBXY_L6_ITTCCTGTT-AGTATCTT.2_fastqc.html, /xdisk/khasting/knodele/Mayo_data/RNA_raw_fastqc_results/CSCC_303_T2a_B4_RNA.FCHMVH7BBXY_L8_ICCTTCACC-GACGCTCC.1_fastqc.html, /xdisk/khasting/knodele/Mayo_data/RNA_raw_fastqc_results/CSCC_303_T2a_B4_RNA.FCHMVH7BBXY_L8_ICCTTCACC-GACGCTCC.2_fastqc.html, /xdisk/khasting/knodele/Mayo_data/RNA_raw_fastqc_results/CSCC_304_T2b_B4_RNA.FCHMVH7BBXY_L8_IGCCACAGG-CATGCCAT.1_fastqc.html, /xdisk/khasting/knodele/Mayo_data/RNA_raw_fastqc_results/CSCC_304_T2b_B4_RNA.FCHMVH7BBXY_L8_IGCCACAGG-CATGCCAT.2_fastqc.html, /xdisk/khasting/knodele/Mayo_data/RNA_raw_fastqc_results/CSCC_306_T2a_B4_RNA.FCHMVH7BBXY_L7_IATTGTGAA-TGCATTGC.1_fastqc.html, /xdisk/khasting/knodele/Mayo_data/RNA_raw_fastqc_results/CSCC_306_T2a_B4_RNA.FCHMVH7BBXY_L7_IATTGTGAA-TGCATTGC.2_fastqc.html, /xdisk/khasting/knodele/Mayo_data/RNA_raw_fastqc_results/CSCC_308_T2b_B4_RNA.FCHMVH7BBXY_L7_IACTCGTGT-ATTGGAAC.1_fastqc.html, /xdisk/khasting/knodele/Mayo_data/RNA_raw_fastqc_results/CSCC_308_T2b_B4_RNA.FCHMVH7BBXY_L7_IACTCGTGT-ATTGGAAC.2_fastqc.html, /xdisk/khasting/knodele/Mayo_data/RNA_raw_fastqc_results/CSCC_30C_RNA.FCHWLHCBBXX_L4_IACTTGA.1_fastqc.html, /xdisk/khasting/knodele/Mayo_data/RNA_raw_fastqc_results/CSCC_30C_RNA.FCHWLHCBBXX_L4_IACTTGA.2_fastqc.html, /xdisk/khasting/knodele/Mayo_data/RNA_raw_fastqc_results/CSCC_310_T2a_B4_RNA.FCHMVH7BBXY_L7_IGTCTACAC-GCCAAGGT.1_fastqc.html, /xdisk/khasting/knodele/Mayo_data/RNA_raw_fastqc_results/CSCC_310_T2a_B4_RNA.FCHMVH7BBXY_L7_IGTCTACAC-GCCAAGGT.2_fastqc.html, /xdisk/khasting/knodele/Mayo_data/RNA_raw_fastqc_results/CSCC_316_T2b_B4_RNA.FCHMVH7BBXY_L8_ICAATTAAC-CGAGATAT.1_fastqc.html, /xdisk/khasting/knodele/Mayo_data/RNA_raw_fastqc_results/CSCC_316_T2b_B4_RNA.FCHMVH7BBXY_L8_ICAATTAAC-CGAGATAT.2_fastqc.html, /xdisk/khasting/knodele/Mayo_data/RNA_raw_fastqc_results/CSCC_320_T2a_B4_RNA.FCHMVH7BBXY_L8_ITGGCCGGT-TAGAGCGC.1_fastqc.html, /xdisk/khasting/knodele/Mayo_data/RNA_raw_fastqc_results/CSCC_320_T2a_B4_RNA.FCHMVH7BBXY_L8_ITGGCCGGT-TAGAGCGC.2_fastqc.html, /xdisk/khasting/knodele/Mayo_data/RNA_raw_fastqc_results/CSCC_321_T2a_B4_RNA.FCHMVH7BBXY_L6_IAGTACTCC-AACCTGTT.1_fastqc.html, /xdisk/khasting/knodele/Mayo_data/RNA_raw_fastqc_results/CSCC_321_T2a_B4_RNA.FCHMVH7BBXY_L6_IAGTACTCC-AACCTGTT.2_fastqc.html, /xdisk/khasting/knodele/Mayo_data/RNA_raw_fastqc_results/CSCC_322_T2b_B4_RNA.FCHMVH7BBXY_L7_IGACGTCTT-GGTTCACC.1_fastqc.html, /xdisk/khasting/knodele/Mayo_data/RNA_raw_fastqc_results/CSCC_322_T2b_B4_RNA.FCHMVH7BBXY_L7_IGACGTCTT-GGTTCACC.2_fastqc.html, /xdisk/khasting/knodele/Mayo_data/RNA_raw_fastqc_results/CSCC_323_T2b_B4_RNA.FCHMVH7BBXY_L7_ITGCGAGAC-CATTGTTG.1_fastqc.html, /xdisk/khasting/knodele/Mayo_data/RNA_raw_fastqc_results/CSCC_323_T2b_B4_RNA.FCHMVH7BBXY_L7_ITGCGAGAC-CATTGTTG.2_fastqc.html, /xdisk/khasting/knodele/Mayo_data/RNA_raw_fastqc_results/CSCC_326_T3_B4_RNA.FCHMVH7BBXY_L6_ICATAGAGT-TGCCACCA.1_fastqc.html, /xdisk/khasting/knodele/Mayo_data/RNA_raw_fastqc_results/CSCC_326_T3_B4_RNA.FCHMVH7BBXY_L6_ICATAGAGT-TGCCACCA.2_fastqc.html, /xdisk/khasting/knodele/Mayo_data/RNA_raw_fastqc_results/CSCC_331_T1-C_B4_RNA.FCHMVH7BBXY_L5_IACAGGCGC-CTCTGCCT.1_fastqc.html, /xdisk/khasting/knodele/Mayo_data/RNA_raw_fastqc_results/CSCC_331_T1-C_B4_RNA.FCHMVH7BBXY_L5_IACAGGCGC-CTCTGCCT.2_fastqc.html, /xdisk/khasting/knodele/Mayo_data/RNA_raw_fastqc_results/CSCC_331_T1-T_B4_RNA.FCHMVH7BBXY_L5_IGTGAATAT-TCTCATTC.1_fastqc.html, /xdisk/khasting/knodele/Mayo_data/RNA_raw_fastqc_results/CSCC_331_T1-T_B4_RNA.FCHMVH7BBXY_L5_IGTGAATAT-TCTCATTC.2_fastqc.html, /xdisk/khasting/knodele/Mayo_data/RNA_raw_fastqc_results/CSCC_335_T2a_B4_RNA.FCHMVH7BBXY_L6_IAACTGTAG-ACGCCGCA.1_fastqc.html, /xdisk/khasting/knodele/Mayo_data/RNA_raw_fastqc_results/CSCC_335_T2a_B4_RNA.FCHMVH7BBXY_L6_IAACTGTAG-ACGCCGCA.2_fastqc.html, /xdisk/khasting/knodele/Mayo_data/RNA_raw_fastqc_results/CSCC_338_T2b_B4_RNA.FCHMVH7BBXY_L6_IGGTCACGA-GTATTATG.1_fastqc.html, /xdisk/khasting/knodele/Mayo_data/RNA_raw_fastqc_results/CSCC_338_T2b_B4_RNA.FCHMVH7BBXY_L6_IGGTCACGA-GTATTATG.2_fastqc.html, /xdisk/khasting/knodele/Mayo_data/RNA_raw_fastqc_results/CSCC_339_T2b_B4_RNA.FCHMVH7BBXY_L6_ICTGCTTCC-GATAGATC.1_fastqc.html, /xdisk/khasting/knodele/Mayo_data/RNA_raw_fastqc_results/CSCC_339_T2b_B4_RNA.FCHMVH7BBXY_L6_ICTGCTTCC-GATAGATC.2_fastqc.html, /xdisk/khasting/knodele/Mayo_data/RNA_raw_fastqc_results/CSCC_346_T3_B4_RNA.FCHMVH7BBXY_L8_IAGGTTATA-CAGTTCCG.1_fastqc.html, /xdisk/khasting/knodele/Mayo_data/RNA_raw_fastqc_results/CSCC_346_T3_B4_RNA.FCHMVH7BBXY_L8_IAGGTTATA-CAGTTCCG.2_fastqc.html, /xdisk/khasting/knodele/Mayo_data/RNA_raw_fastqc_results/CSCC_349_T3_B4_RNA.FCHMVH7BBXY_L5_IGAACCGCG-TGACCTTA.1_fastqc.html, /xdisk/khasting/knodele/Mayo_data/RNA_raw_fastqc_results/CSCC_349_T3_B4_RNA.FCHMVH7BBXY_L5_IGAACCGCG-TGACCTTA.2_fastqc.html, /xdisk/khasting/knodele/Mayo_data/RNA_raw_fastqc_results/CSCC_359_T2a_B4_RNA.FCHMVH7BBXY_L5_ICTCACCAA-CTAGGCAA.1_fastqc.html, /xdisk/khasting/knodele/Mayo_data/RNA_raw_fastqc_results/CSCC_359_T2a_B4_RNA.FCHMVH7BBXY_L5_ICTCACCAA-CTAGGCAA.2_fastqc.html, /xdisk/khasting/knodele/Mayo_data/RNA_raw_fastqc_results/CSCC_363_T2a_B4_RNA.FCHMVH7BBXY_L8_ICGCTATGT-TCCGACAC.1_fastqc.html, /xdisk/khasting/knodele/Mayo_data/RNA_raw_fastqc_results/CSCC_363_T2a_B4_RNA.FCHMVH7BBXY_L8_ICGCTATGT-TCCGACAC.2_fastqc.html, /xdisk/khasting/knodele/Mayo_data/RNA_raw_fastqc_results/CSCC_367_T2a_B4_RNA.FCHMVH7BBXY_L8_IGTATGTTC-AACAGGAA.1_fastqc.html, /xdisk/khasting/knodele/Mayo_data/RNA_raw_fastqc_results/CSCC_367_T2a_B4_RNA.FCHMVH7BBXY_L8_IGTATGTTC-AACAGGAA.2_fastqc.html, /xdisk/khasting/knodele/Mayo_data/RNA_raw_fastqc_results/CSCC_373_T2b_B4_RNA.FCHMVH7BBXY_L7_ITCTGTTGG-TCGAATGG.1_fastqc.html, /xdisk/khasting/knodele/Mayo_data/RNA_raw_fastqc_results/CSCC_373_T2b_B4_RNA.FCHMVH7BBXY_L7_ITCTGTTGG-TCGAATGG.2_fastqc.html, /xdisk/khasting/knodele/Mayo_data/RNA_raw_fastqc_results/CSCC_374_T2b_B4_RNA.FCHMVH7BBXY_L7_ITATCGCAC-CTTAGTGT.1_fastqc.html, /xdisk/khasting/knodele/Mayo_data/RNA_raw_fastqc_results/CSCC_374_T2b_B4_RNA.FCHMVH7BBXY_L7_ITATCGCAC-CTTAGTGT.2_fastqc.html, /xdisk/khasting/knodele/Mayo_data/RNA_raw_fastqc_results/CSCC_39C_RNA.FCHWLHCBBXX_L4_IGTGGCC.1_fastqc.html, /xdisk/khasting/knodele/Mayo_data/RNA_raw_fastqc_results/CSCC_39C_RNA.FCHWLHCBBXX_L4_IGTGGCC.2_fastqc.html, /xdisk/khasting/knodele/Mayo_data/RNA_raw_fastqc_results/CSCC_39T_RNA.FCHWLHCBBXX_L4_IGGCTAC.1_fastqc.html, /xdisk/khasting/knodele/Mayo_data/RNA_raw_fastqc_results/CSCC_39T_RNA.FCHWLHCBBXX_L4_IGGCTAC.2_fastqc.html, /xdisk/khasting/knodele/Mayo_data/RNA_raw_fastqc_results/CSCC_42C_RNA.FCHWLHCBBXX_L5_IACTGAT.1_fastqc.html, /xdisk/khasting/knodele/Mayo_data/RNA_raw_fastqc_results/CSCC_42C_RNA.FCHWLHCBBXX_L5_IACTGAT.2_fastqc.html, /xdisk/khasting/knodele/Mayo_data/RNA_raw_fastqc_results/CSCC_42T_RNA.FCHWLHCBBXX_L4_IGAGTGG.1_fastqc.html, /xdisk/khasting/knodele/Mayo_data/RNA_raw_fastqc_results/CSCC_42T_RNA.FCHWLHCBBXX_L4_IGAGTGG.2_fastqc.html, /xdisk/khasting/knodele/Mayo_data/RNA_raw_fastqc_results/CSCC_48_RNA.FCHWLHCBBXX_L5_ITTAGGC.1_fastqc.html, /xdisk/khasting/knodele/Mayo_data/RNA_raw_fastqc_results/CSCC_48_RNA.FCHWLHCBBXX_L5_ITTAGGC.2_fastqc.html, /xdisk/khasting/knodele/Mayo_data/RNA_raw_fastqc_results/CSCC_4_RNA.FCHWLHCBBXX_L1_IACTTGA.1_fastqc.html, /xdisk/khasting/knodele/Mayo_data/RNA_raw_fastqc_results/CSCC_4_RNA.FCHWLHCBBXX_L1_IACTTGA.2_fastqc.html, /xdisk/khasting/knodele/Mayo_data/RNA_raw_fastqc_results/CSCC_52_RNA.FCHWLHCBBXX_L6_IGGCTAC.1_fastqc.html, /xdisk/khasting/knodele/Mayo_data/RNA_raw_fastqc_results/CSCC_52_RNA.FCHWLHCBBXX_L6_IGGCTAC.2_fastqc.html, /xdisk/khasting/knodele/Mayo_data/RNA_raw_fastqc_results/CSCC_53C_RNA.FCHWLHCBBXX_L6_IGTGGCC.1_fastqc.html, /xdisk/khasting/knodele/Mayo_data/RNA_raw_fastqc_results/CSCC_53C_RNA.FCHWLHCBBXX_L6_IGTGGCC.2_fastqc.html, /xdisk/khasting/knodele/Mayo_data/RNA_raw_fastqc_results/CSCC_5_RNA.FCHWLHCBBXX_L1_IGATCAG.1_fastqc.html, /xdisk/khasting/knodele/Mayo_data/RNA_raw_fastqc_results/CSCC_5_RNA.FCHWLHCBBXX_L1_IGATCAG.2_fastqc.html, /xdisk/khasting/knodele/Mayo_data/RNA_raw_fastqc_results/CSCC_6_RNA.FCHWLHCBBXX_L1_ITAGCTT.1_fastqc.html, /xdisk/khasting/knodele/Mayo_data/RNA_raw_fastqc_results/CSCC_6_RNA.FCHWLHCBBXX_L1_ITAGCTT.2_fastqc.html, /xdisk/khasting/knodele/Mayo_data/RNA_raw_fastqc_results/CSCC_7_RNA.FCHWLHCBBXX_L1_IGGCTAC.1_fastqc.html, /xdisk/khasting/knodele/Mayo_data/RNA_raw_fastqc_results/CSCC_7_RNA.FCHWLHCBBXX_L1_IGGCTAC.2_fastqc.html, /xdisk/khasting/knodele/Mayo_data/RNA_raw_fastqc_results/CSCC_8_RNA.FCHWLHCBBXX_L1_IGTGGCC.1_fastqc.html, /xdisk/khasting/knodele/Mayo_data/RNA_raw_fastqc_results/CSCC_8_RNA.FCHWLHCBBXX_L1_IGTGGCC.2_fastqc.html, /xdisk/khasting/knodele/Mayo_data/RNA_raw_fastqc_results/CSCC_9_RNA.FCHWLHCBBXX_L1_IGTTTCG.1_fastqc.html, /xdisk/khasting/knodele/Mayo_data/RNA_raw_fastqc_results/CSCC_9_RNA.FCHWLHCBBXX_L1_IGTTTCG.2_fastqc.html, /xdisk/khasting/knodele/Mayo_data/RNA_raw_fastqc_results/CSCC_NPT-001-2_T2b.FC22VM72LT3_L8_R1_ITTATAACC-GATATCGA_fastqc.html, /xdisk/khasting/knodele/Mayo_data/RNA_raw_fastqc_results/CSCC_NPT-001-2_T2b.FC22VM72LT3_L8_R2_ITTATAACC-GATATCGA_fastqc.html, /xdisk/khasting/knodele/Mayo_data/RNA_raw_fastqc_results/CSCC_NPT-002-1_T2a.FC22VM72LT3_L8_R1_IGGACTTGG-CGCAGACG_fastqc.html, /xdisk/khasting/knodele/Mayo_data/RNA_raw_fastqc_results/CSCC_NPT-002-1_T2a.FC22VM72LT3_L8_R2_IGGACTTGG-CGCAGACG_fastqc.html, /xdisk/khasting/knodele/Mayo_data/RNA_raw_fastqc_results/CSCC_NPT-004-2_T2a.FC22VM72LT3_L8_R1_IAAGTCCAA-TATGAGTA_fastqc.html, /xdisk/khasting/knodele/Mayo_data/RNA_raw_fastqc_results/CSCC_NPT-004-2_T2a.FC22VM72LT3_L8_R2_IAAGTCCAA-TATGAGTA_fastqc.html, /xdisk/khasting/knodele/Mayo_data/RNA_raw_fastqc_results/CSCC_NPT-010-2_T3.FC22VM72LT3_L8_R1_IGCTTGTCA-GAACATAC_fastqc.html, /xdisk/khasting/knodele/Mayo_data/RNA_raw_fastqc_results/CSCC_NPT-010-2_T3.FC22VM72LT3_L8_R2_IGCTTGTCA-GAACATAC_fastqc.html, /xdisk/khasting/knodele/Mayo_data/RNA_raw_fastqc_results/CSCC_NPT-015_T2a.FC22VM72LT3_L8_R1_ICCGCGGTT-AGCGCTAG_fastqc.html, /xdisk/khasting/knodele/Mayo_data/RNA_raw_fastqc_results/CSCC_NPT-015_T2a.FC22VM72LT3_L8_R2_ICCGCGGTT-AGCGCTAG_fastqc.html, /xdisk/khasting/knodele/Mayo_data/RNA_raw_fastqc_results/CSCC_NPT-017-1_T2b.FC22VM72LT3_L8_R1_ICAAGCTAG-ACATAGCG_fastqc.html, /xdisk/khasting/knodele/Mayo_data/RNA_raw_fastqc_results/CSCC_NPT-017-1_T2b.FC22VM72LT3_L8_R2_ICAAGCTAG-ACATAGCG_fastqc.html, /xdisk/khasting/knodele/Mayo_data/RNA_raw_fastqc_results/CSCC_NPT-050_T2a.FC22VM72LT3_L8_R1_ITGGATCGA-GTGCGATA_fastqc.html, /xdisk/khasting/knodele/Mayo_data/RNA_raw_fastqc_results/CSCC_NPT-050_T2a.FC22VM72LT3_L8_R2_ITGGATCGA-GTGCGATA_fastqc.html, /xdisk/khasting/knodele/Mayo_data/RNA_raw_fastqc_results/CSCC_NPT-055_T2a.FC22VM72LT3_L8_R1_IAGTTCAGG-CCAACAGA_fastqc.html, /xdisk/khasting/knodele/Mayo_data/RNA_raw_fastqc_results/CSCC_NPT-055_T2a.FC22VM72LT3_L8_R2_IAGTTCAGG-CCAACAGA_fastqc.html, /xdisk/khasting/knodele/Mayo_data/RNA_raw_fastqc_results/CSCC_NPT-062_T2a.FC22VM72LT3_L8_R1_IGACCTGAA-TTGGTGAG_fastqc.html, /xdisk/khasting/knodele/Mayo_data/RNA_raw_fastqc_results/CSCC_NPT-062_T2a.FC22VM72LT3_L8_R2_IGACCTGAA-TTGGTGAG_fastqc.html, /xdisk/khasting/knodele/Mayo_data/RNA_raw_fastqc_results/CSCC_NPT-083_T2a.FC22VM72LT3_L8_R1_ITCTCTACT-CGCGGTTC_fastqc.html, /xdisk/khasting/knodele/Mayo_data/RNA_raw_fastqc_results/CSCC_NPT-083_T2a.FC22VM72LT3_L8_R2_ITCTCTACT-CGCGGTTC_fastqc.html, /xdisk/khasting/knodele/Mayo_data/RNA_raw_fastqc_results/CSCC_NPT-113_T2b.FC22VM72LT3_L8_R1_ICTCTCGTC-TATAACCT_fastqc.html, /xdisk/khasting/knodele/Mayo_data/RNA_raw_fastqc_results/CSCC_NPT-113_T2b.FC22VM72LT3_L8_R2_ICTCTCGTC-TATAACCT_fastqc.html, /xdisk/khasting/knodele/Mayo_data/RNA_raw_fastqc_results/CSCC_NPT-133_T2b.FC22VM72LT3_L8_R1_ICCAAGTCT-AAGGATGA_fastqc.html, /xdisk/khasting/knodele/Mayo_data/RNA_raw_fastqc_results/CSCC_NPT-133_T2b.FC22VM72LT3_L8_R2_ICCAAGTCT-AAGGATGA_fastqc.html, /xdisk/khasting/knodele/Mayo_data/RNA_raw_fastqc_results/CSCC_NPT-138_T2a.FC22VM72LT3_L8_R1_ITTGGACTC-GGAAGCAG_fastqc.html, /xdisk/khasting/knodele/Mayo_data/RNA_raw_fastqc_results/CSCC_NPT-138_T2a.FC22VM72LT3_L8_R2_ITTGGACTC-GGAAGCAG_fastqc.html, /xdisk/khasting/knodele/Mayo_data/RNA_raw_fastqc_results/CSCC_NPT-164_T2a.FC22VM72LT3_L8_R1_ICAGTAGGC-TGACGAAT_fastqc.html, /xdisk/khasting/knodele/Mayo_data/RNA_raw_fastqc_results/CSCC_NPT-164_T2a.FC22VM72LT3_L8_R2_ICAGTAGGC-TGACGAAT_fastqc.html, /xdisk/khasting/knodele/Mayo_data/RNA_raw_fastqc_results/CSCC_NPT-169_T2b.FC22VM72LT3_L8_R1_ITGACGAAT-CAGTAGGC_fastqc.html, /xdisk/khasting/knodele/Mayo_data/RNA_raw_fastqc_results/CSCC_NPT-169_T2b.FC22VM72LT3_L8_R2_ITGACGAAT-CAGTAGGC_fastqc.html, /xdisk/khasting/knodele/Mayo_data/RNA_raw_fastqc_results/CSCC_NPT-182_T2b.FC22VM72LT3_L8_R1_ITAATACAG-ATATTCAC_fastqc.html, /xdisk/khasting/knodele/Mayo_data/RNA_raw_fastqc_results/CSCC_NPT-182_T2b.FC22VM72LT3_L8_R2_ITAATACAG-ATATTCAC_fastqc.html, /xdisk/khasting/knodele/Mayo_data/RNA_raw_fastqc_results/CSCC_NPT-183_T2b.FC22VM72LT3_L8_R1_ICGGCGTGA-GCGCCTGT_fastqc.html, /xdisk/khasting/knodele/Mayo_data/RNA_raw_fastqc_results/CSCC_NPT-183_T2b.FC22VM72LT3_L8_R2_ICGGCGTGA-GCGCCTGT_fastqc.html
    output: /xdisk/khasting/knodele/Mayo_data/RNA_raw_multiqc_results/multiqc_report.html
    jobid: 185
    resources: tmpdir=/tmp

Submitted job 185 with external jobid 'Submitted batch job 3210047'.
[Fri Dec 20 10:31:30 2024]
Finished job 185.
185 of 186 steps (99%) done
Select jobs to execute...

[Fri Dec 20 10:31:30 2024]
localrule all:
    input: /xdisk/khasting/knodele/Mayo_data/RNA_raw_fastqc_results/072-T2b_B2_RNA.FCHFHK5BBXY_L3_IGATCAG.1_fastqc.html, /xdisk/khasting/knodele/Mayo_data/RNA_raw_fastqc_results/072-T2b_B2_RNA.FCHFHK5BBXY_L3_IGATCAG.2_fastqc.html, /xdisk/khasting/knodele/Mayo_data/RNA_raw_fastqc_results/073-T2a_B2_RNA.FCHFHK5BBXY_L3_ITAGCTT.1_fastqc.html, /xdisk/khasting/knodele/Mayo_data/RNA_raw_fastqc_results/073-T2a_B2_RNA.FCHFHK5BBXY_L3_ITAGCTT.2_fastqc.html, /xdisk/khasting/knodele/Mayo_data/RNA_raw_fastqc_results/085-T2a_B2_RNA.FCHFHK5BBXY_L1_ICGTACG.1_fastqc.html, /xdisk/khasting/knodele/Mayo_data/RNA_raw_fastqc_results/085-T2a_B2_RNA.FCHFHK5BBXY_L1_ICGTACG.2_fastqc.html, /xdisk/khasting/knodele/Mayo_data/RNA_raw_fastqc_results/093-T2a_B2_RNA.FCHFHK5BBXY_L1_IGAGTGG.1_fastqc.html, /xdisk/khasting/knodele/Mayo_data/RNA_raw_fastqc_results/093-T2a_B2_RNA.FCHFHK5BBXY_L1_IGAGTGG.2_fastqc.html, /xdisk/khasting/knodele/Mayo_data/RNA_raw_fastqc_results/097-T2a_B2_RNA.FCHFHK5BBXY_L1_IACTGAT.1_fastqc.html, /xdisk/khasting/knodele/Mayo_data/RNA_raw_fastqc_results/097-T2a_B2_RNA.FCHFHK5BBXY_L1_IACTGAT.2_fastqc.html, /xdisk/khasting/knodele/Mayo_data/RNA_raw_fastqc_results/101-T2a_B2_RNA.FCHFHK5BBXY_L1_IATTCCT.1_fastqc.html, /xdisk/khasting/knodele/Mayo_data/RNA_raw_fastqc_results/101-T2a_B2_RNA.FCHFHK5BBXY_L1_IATTCCT.2_fastqc.html, /xdisk/khasting/knodele/Mayo_data/RNA_raw_fastqc_results/109-T2a_B2_RNA.FCHFHK5BBXY_L1_IATCACG.1_fastqc.html, /xdisk/khasting/knodele/Mayo_data/RNA_raw_fastqc_results/109-T2a_B2_RNA.FCHFHK5BBXY_L1_IATCACG.2_fastqc.html, /xdisk/khasting/knodele/Mayo_data/RNA_raw_fastqc_results/151-T2a_B2_RNA.FCHFHK5BBXY_L1_ITTAGGC.1_fastqc.html, /xdisk/khasting/knodele/Mayo_data/RNA_raw_fastqc_results/151-T2a_B2_RNA.FCHFHK5BBXY_L1_ITTAGGC.2_fastqc.html, /xdisk/khasting/knodele/Mayo_data/RNA_raw_fastqc_results/153-T2a_B2_RNA.FCHFHK5BBXY_L1_IACTTGA.1_fastqc.html, /xdisk/khasting/knodele/Mayo_data/RNA_raw_fastqc_results/153-T2a_B2_RNA.FCHFHK5BBXY_L1_IACTTGA.2_fastqc.html, /xdisk/khasting/knodele/Mayo_data/RNA_raw_fastqc_results/155-T2a_B2_RNA.FCHFHK5BBXY_L1_IGATCAG.1_fastqc.html, /xdisk/khasting/knodele/Mayo_data/RNA_raw_fastqc_results/155-T2a_B2_RNA.FCHFHK5BBXY_L1_IGATCAG.2_fastqc.html, /xdisk/khasting/knodele/Mayo_data/RNA_raw_fastqc_results/157-T2a_2_B2_RNA.FCHFHK5BBXY_L2_ITAGCTT.1_fastqc.html, /xdisk/khasting/knodele/Mayo_data/RNA_raw_fastqc_results/157-T2a_2_B2_RNA.FCHFHK5BBXY_L2_ITAGCTT.2_fastqc.html, /xdisk/khasting/knodele/Mayo_data/RNA_raw_fastqc_results/159-T2a_B2_RNA.FCHFHK5BBXY_L2_IGGCTAC.1_fastqc.html, /xdisk/khasting/knodele/Mayo_data/RNA_raw_fastqc_results/159-T2a_B2_RNA.FCHFHK5BBXY_L2_IGGCTAC.2_fastqc.html, /xdisk/khasting/knodele/Mayo_data/RNA_raw_fastqc_results/163-T2a_B2_RNA.FCHFHK5BBXY_L2_IGTGGCC.1_fastqc.html, /xdisk/khasting/knodele/Mayo_data/RNA_raw_fastqc_results/163-T2a_B2_RNA.FCHFHK5BBXY_L2_IGTGGCC.2_fastqc.html, /xdisk/khasting/knodele/Mayo_data/RNA_raw_fastqc_results/165-T2a_B2_RNA.FCHFHK5BBXY_L2_IGTTTCG.1_fastqc.html, /xdisk/khasting/knodele/Mayo_data/RNA_raw_fastqc_results/165-T2a_B2_RNA.FCHFHK5BBXY_L2_IGTTTCG.2_fastqc.html, /xdisk/khasting/knodele/Mayo_data/RNA_raw_fastqc_results/167-T2a_B2_RNA.FCHFHK5BBXY_L2_ICGTACG.1_fastqc.html, /xdisk/khasting/knodele/Mayo_data/RNA_raw_fastqc_results/167-T2a_B2_RNA.FCHFHK5BBXY_L2_ICGTACG.2_fastqc.html, /xdisk/khasting/knodele/Mayo_data/RNA_raw_fastqc_results/169-T2a_B2_RNA.FCHFHK5BBXY_L2_IGAGTGG.1_fastqc.html, /xdisk/khasting/knodele/Mayo_data/RNA_raw_fastqc_results/169-T2a_B2_RNA.FCHFHK5BBXY_L2_IGAGTGG.2_fastqc.html, /xdisk/khasting/knodele/Mayo_data/RNA_raw_fastqc_results/171-T2a_B2_RNA.FCHFHK5BBXY_L2_IACTGAT.1_fastqc.html, /xdisk/khasting/knodele/Mayo_data/RNA_raw_fastqc_results/171-T2a_B2_RNA.FCHFHK5BBXY_L2_IACTGAT.2_fastqc.html, /xdisk/khasting/knodele/Mayo_data/RNA_raw_fastqc_results/200-T2b_B2_RNA.FCHFHK5BBXY_L2_IATTCCT.1_fastqc.html, /xdisk/khasting/knodele/Mayo_data/RNA_raw_fastqc_results/200-T2b_B2_RNA.FCHFHK5BBXY_L2_IATTCCT.2_fastqc.html, /xdisk/khasting/knodele/Mayo_data/RNA_raw_fastqc_results/201-T2b_B2_RNA.FCHFHK5BBXY_L3_IATCACG.1_fastqc.html, /xdisk/khasting/knodele/Mayo_data/RNA_raw_fastqc_results/201-T2b_B2_RNA.FCHFHK5BBXY_L3_IATCACG.2_fastqc.html, /xdisk/khasting/knodele/Mayo_data/RNA_raw_fastqc_results/203-T2b_B2_RNA.FCHFHK5BBXY_L3_ITTAGGC.1_fastqc.html, /xdisk/khasting/knodele/Mayo_data/RNA_raw_fastqc_results/203-T2b_B2_RNA.FCHFHK5BBXY_L3_ITTAGGC.2_fastqc.html, /xdisk/khasting/knodele/Mayo_data/RNA_raw_fastqc_results/205-T2b_B2_RNA.FCHFHK5BBXY_L3_IACTTGA.1_fastqc.html, /xdisk/khasting/knodele/Mayo_data/RNA_raw_fastqc_results/205-T2b_B2_RNA.FCHFHK5BBXY_L3_IACTTGA.2_fastqc.html, /xdisk/khasting/knodele/Mayo_data/RNA_raw_fastqc_results/CSCC_10C_RNA.FCHWLHCBBXX_L1_ICGTACG.1_fastqc.html, /xdisk/khasting/knodele/Mayo_data/RNA_raw_fastqc_results/CSCC_10C_RNA.FCHWLHCBBXX_L1_ICGTACG.2_fastqc.html, /xdisk/khasting/knodele/Mayo_data/RNA_raw_fastqc_results/CSCC_10T_RNA.FCHWLHCBBXX_L1_IGAGTGG.1_fastqc.html, /xdisk/khasting/knodele/Mayo_data/RNA_raw_fastqc_results/CSCC_10T_RNA.FCHWLHCBBXX_L1_IGAGTGG.2_fastqc.html, /xdisk/khasting/knodele/Mayo_data/RNA_raw_fastqc_results/CSCC_12_RNA.FCHWLHCBBXX_L2_IACTGAT.1_fastqc.html, /xdisk/khasting/knodele/Mayo_data/RNA_raw_fastqc_results/CSCC_12_RNA.FCHWLHCBBXX_L2_IACTGAT.2_fastqc.html, /xdisk/khasting/knodele/Mayo_data/RNA_raw_fastqc_results/CSCC_13_RNA.FCHWLHCBBXX_L2_IATTCCT.1_fastqc.html, /xdisk/khasting/knodele/Mayo_data/RNA_raw_fastqc_results/CSCC_13_RNA.FCHWLHCBBXX_L2_IATTCCT.2_fastqc.html, /xdisk/khasting/knodele/Mayo_data/RNA_raw_fastqc_results/CSCC_14_RNA.FCHWLHCBBXX_L2_IATCACG.1_fastqc.html, /xdisk/khasting/knodele/Mayo_data/RNA_raw_fastqc_results/CSCC_14_RNA.FCHWLHCBBXX_L2_IATCACG.2_fastqc.html, /xdisk/khasting/knodele/Mayo_data/RNA_raw_fastqc_results/CSCC_15_RNA.FCHWLHCBBXX_L2_ITTAGGC.1_fastqc.html, /xdisk/khasting/knodele/Mayo_data/RNA_raw_fastqc_results/CSCC_15_RNA.FCHWLHCBBXX_L2_ITTAGGC.2_fastqc.html, /xdisk/khasting/knodele/Mayo_data/RNA_raw_fastqc_results/CSCC_16_RNA.FCHWLHCBBXX_L2_IACTTGA.1_fastqc.html, /xdisk/khasting/knodele/Mayo_data/RNA_raw_fastqc_results/CSCC_16_RNA.FCHWLHCBBXX_L2_IACTTGA.2_fastqc.html, /xdisk/khasting/knodele/Mayo_data/RNA_raw_fastqc_results/CSCC_17_RNA.FCHWLHCBBXX_L2_IGATCAG.1_fastqc.html, /xdisk/khasting/knodele/Mayo_data/RNA_raw_fastqc_results/CSCC_17_RNA.FCHWLHCBBXX_L2_IGATCAG.2_fastqc.html, /xdisk/khasting/knodele/Mayo_data/RNA_raw_fastqc_results/CSCC_18_RNA.FCHWLHCBBXX_L2_ITAGCTT.1_fastqc.html, /xdisk/khasting/knodele/Mayo_data/RNA_raw_fastqc_results/CSCC_18_RNA.FCHWLHCBBXX_L2_ITAGCTT.2_fastqc.html, /xdisk/khasting/knodele/Mayo_data/RNA_raw_fastqc_results/CSCC_19_RNA.FCHWLHCBBXX_L2_IGGCTAC.1_fastqc.html, /xdisk/khasting/knodele/Mayo_data/RNA_raw_fastqc_results/CSCC_19_RNA.FCHWLHCBBXX_L2_IGGCTAC.2_fastqc.html, /xdisk/khasting/knodele/Mayo_data/RNA_raw_fastqc_results/CSCC_23_RNA.FCHWLHCBBXX_L3_IGTGGCC.1_fastqc.html, /xdisk/khasting/knodele/Mayo_data/RNA_raw_fastqc_results/CSCC_23_RNA.FCHWLHCBBXX_L3_IGTGGCC.2_fastqc.html, /xdisk/khasting/knodele/Mayo_data/RNA_raw_fastqc_results/CSCC_24_RNA.FCHWLHCBBXX_L3_IGTTTCG.1_fastqc.html, /xdisk/khasting/knodele/Mayo_data/RNA_raw_fastqc_results/CSCC_24_RNA.FCHWLHCBBXX_L3_IGTTTCG.2_fastqc.html, /xdisk/khasting/knodele/Mayo_data/RNA_raw_fastqc_results/CSCC_27_RNA.FCHWLHCBBXX_L3_IACTGAT.1_fastqc.html, /xdisk/khasting/knodele/Mayo_data/RNA_raw_fastqc_results/CSCC_27_RNA.FCHWLHCBBXX_L3_IACTGAT.2_fastqc.html, /xdisk/khasting/knodele/Mayo_data/RNA_raw_fastqc_results/CSCC_28C_RNA.FCHWLHCBBXX_L3_IATTCCT.1_fastqc.html, /xdisk/khasting/knodele/Mayo_data/RNA_raw_fastqc_results/CSCC_28C_RNA.FCHWLHCBBXX_L3_IATTCCT.2_fastqc.html, /xdisk/khasting/knodele/Mayo_data/RNA_raw_fastqc_results/CSCC_29_RNA.FCHWLHCBBXX_L3_ITTAGGC.1_fastqc.html, /xdisk/khasting/knodele/Mayo_data/RNA_raw_fastqc_results/CSCC_29_RNA.FCHWLHCBBXX_L3_ITTAGGC.2_fastqc.html, /xdisk/khasting/knodele/Mayo_data/RNA_raw_fastqc_results/CSCC_301_T2b_B4_RNA.FCHMVH7BBXY_L6_IGTGTCGGA-GCTTGCGC.1_fastqc.html, /xdisk/khasting/knodele/Mayo_data/RNA_raw_fastqc_results/CSCC_301_T2b_B4_RNA.FCHMVH7BBXY_L6_IGTGTCGGA-GCTTGCGC.2_fastqc.html, /xdisk/khasting/knodele/Mayo_data/RNA_raw_fastqc_results/CSCC_302_T2a_B4_RNA.FCHMVH7BBXY_L6_ITTCCTGTT-AGTATCTT.1_fastqc.html, /xdisk/khasting/knodele/Mayo_data/RNA_raw_fastqc_results/CSCC_302_T2a_B4_RNA.FCHMVH7BBXY_L6_ITTCCTGTT-AGTATCTT.2_fastqc.html, /xdisk/khasting/knodele/Mayo_data/RNA_raw_fastqc_results/CSCC_303_T2a_B4_RNA.FCHMVH7BBXY_L8_ICCTTCACC-GACGCTCC.1_fastqc.html, /xdisk/khasting/knodele/Mayo_data/RNA_raw_fastqc_results/CSCC_303_T2a_B4_RNA.FCHMVH7BBXY_L8_ICCTTCACC-GACGCTCC.2_fastqc.html, /xdisk/khasting/knodele/Mayo_data/RNA_raw_fastqc_results/CSCC_304_T2b_B4_RNA.FCHMVH7BBXY_L8_IGCCACAGG-CATGCCAT.1_fastqc.html, /xdisk/khasting/knodele/Mayo_data/RNA_raw_fastqc_results/CSCC_304_T2b_B4_RNA.FCHMVH7BBXY_L8_IGCCACAGG-CATGCCAT.2_fastqc.html, /xdisk/khasting/knodele/Mayo_data/RNA_raw_fastqc_results/CSCC_306_T2a_B4_RNA.FCHMVH7BBXY_L7_IATTGTGAA-TGCATTGC.1_fastqc.html, /xdisk/khasting/knodele/Mayo_data/RNA_raw_fastqc_results/CSCC_306_T2a_B4_RNA.FCHMVH7BBXY_L7_IATTGTGAA-TGCATTGC.2_fastqc.html, /xdisk/khasting/knodele/Mayo_data/RNA_raw_fastqc_results/CSCC_308_T2b_B4_RNA.FCHMVH7BBXY_L7_IACTCGTGT-ATTGGAAC.1_fastqc.html, /xdisk/khasting/knodele/Mayo_data/RNA_raw_fastqc_results/CSCC_308_T2b_B4_RNA.FCHMVH7BBXY_L7_IACTCGTGT-ATTGGAAC.2_fastqc.html, /xdisk/khasting/knodele/Mayo_data/RNA_raw_fastqc_results/CSCC_30C_RNA.FCHWLHCBBXX_L4_IACTTGA.1_fastqc.html, /xdisk/khasting/knodele/Mayo_data/RNA_raw_fastqc_results/CSCC_30C_RNA.FCHWLHCBBXX_L4_IACTTGA.2_fastqc.html, /xdisk/khasting/knodele/Mayo_data/RNA_raw_fastqc_results/CSCC_310_T2a_B4_RNA.FCHMVH7BBXY_L7_IGTCTACAC-GCCAAGGT.1_fastqc.html, /xdisk/khasting/knodele/Mayo_data/RNA_raw_fastqc_results/CSCC_310_T2a_B4_RNA.FCHMVH7BBXY_L7_IGTCTACAC-GCCAAGGT.2_fastqc.html, /xdisk/khasting/knodele/Mayo_data/RNA_raw_fastqc_results/CSCC_316_T2b_B4_RNA.FCHMVH7BBXY_L8_ICAATTAAC-CGAGATAT.1_fastqc.html, /xdisk/khasting/knodele/Mayo_data/RNA_raw_fastqc_results/CSCC_316_T2b_B4_RNA.FCHMVH7BBXY_L8_ICAATTAAC-CGAGATAT.2_fastqc.html, /xdisk/khasting/knodele/Mayo_data/RNA_raw_fastqc_results/CSCC_320_T2a_B4_RNA.FCHMVH7BBXY_L8_ITGGCCGGT-TAGAGCGC.1_fastqc.html, /xdisk/khasting/knodele/Mayo_data/RNA_raw_fastqc_results/CSCC_320_T2a_B4_RNA.FCHMVH7BBXY_L8_ITGGCCGGT-TAGAGCGC.2_fastqc.html, /xdisk/khasting/knodele/Mayo_data/RNA_raw_fastqc_results/CSCC_321_T2a_B4_RNA.FCHMVH7BBXY_L6_IAGTACTCC-AACCTGTT.1_fastqc.html, /xdisk/khasting/knodele/Mayo_data/RNA_raw_fastqc_results/CSCC_321_T2a_B4_RNA.FCHMVH7BBXY_L6_IAGTACTCC-AACCTGTT.2_fastqc.html, /xdisk/khasting/knodele/Mayo_data/RNA_raw_fastqc_results/CSCC_322_T2b_B4_RNA.FCHMVH7BBXY_L7_IGACGTCTT-GGTTCACC.1_fastqc.html, /xdisk/khasting/knodele/Mayo_data/RNA_raw_fastqc_results/CSCC_322_T2b_B4_RNA.FCHMVH7BBXY_L7_IGACGTCTT-GGTTCACC.2_fastqc.html, /xdisk/khasting/knodele/Mayo_data/RNA_raw_fastqc_results/CSCC_323_T2b_B4_RNA.FCHMVH7BBXY_L7_ITGCGAGAC-CATTGTTG.1_fastqc.html, /xdisk/khasting/knodele/Mayo_data/RNA_raw_fastqc_results/CSCC_323_T2b_B4_RNA.FCHMVH7BBXY_L7_ITGCGAGAC-CATTGTTG.2_fastqc.html, /xdisk/khasting/knodele/Mayo_data/RNA_raw_fastqc_results/CSCC_326_T3_B4_RNA.FCHMVH7BBXY_L6_ICATAGAGT-TGCCACCA.1_fastqc.html, /xdisk/khasting/knodele/Mayo_data/RNA_raw_fastqc_results/CSCC_326_T3_B4_RNA.FCHMVH7BBXY_L6_ICATAGAGT-TGCCACCA.2_fastqc.html, /xdisk/khasting/knodele/Mayo_data/RNA_raw_fastqc_results/CSCC_331_T1-C_B4_RNA.FCHMVH7BBXY_L5_IACAGGCGC-CTCTGCCT.1_fastqc.html, /xdisk/khasting/knodele/Mayo_data/RNA_raw_fastqc_results/CSCC_331_T1-C_B4_RNA.FCHMVH7BBXY_L5_IACAGGCGC-CTCTGCCT.2_fastqc.html, /xdisk/khasting/knodele/Mayo_data/RNA_raw_fastqc_results/CSCC_331_T1-T_B4_RNA.FCHMVH7BBXY_L5_IGTGAATAT-TCTCATTC.1_fastqc.html, /xdisk/khasting/knodele/Mayo_data/RNA_raw_fastqc_results/CSCC_331_T1-T_B4_RNA.FCHMVH7BBXY_L5_IGTGAATAT-TCTCATTC.2_fastqc.html, /xdisk/khasting/knodele/Mayo_data/RNA_raw_fastqc_results/CSCC_335_T2a_B4_RNA.FCHMVH7BBXY_L6_IAACTGTAG-ACGCCGCA.1_fastqc.html, /xdisk/khasting/knodele/Mayo_data/RNA_raw_fastqc_results/CSCC_335_T2a_B4_RNA.FCHMVH7BBXY_L6_IAACTGTAG-ACGCCGCA.2_fastqc.html, /xdisk/khasting/knodele/Mayo_data/RNA_raw_fastqc_results/CSCC_338_T2b_B4_RNA.FCHMVH7BBXY_L6_IGGTCACGA-GTATTATG.1_fastqc.html, /xdisk/khasting/knodele/Mayo_data/RNA_raw_fastqc_results/CSCC_338_T2b_B4_RNA.FCHMVH7BBXY_L6_IGGTCACGA-GTATTATG.2_fastqc.html, /xdisk/khasting/knodele/Mayo_data/RNA_raw_fastqc_results/CSCC_339_T2b_B4_RNA.FCHMVH7BBXY_L6_ICTGCTTCC-GATAGATC.1_fastqc.html, /xdisk/khasting/knodele/Mayo_data/RNA_raw_fastqc_results/CSCC_339_T2b_B4_RNA.FCHMVH7BBXY_L6_ICTGCTTCC-GATAGATC.2_fastqc.html, /xdisk/khasting/knodele/Mayo_data/RNA_raw_fastqc_results/CSCC_346_T3_B4_RNA.FCHMVH7BBXY_L8_IAGGTTATA-CAGTTCCG.1_fastqc.html, /xdisk/khasting/knodele/Mayo_data/RNA_raw_fastqc_results/CSCC_346_T3_B4_RNA.FCHMVH7BBXY_L8_IAGGTTATA-CAGTTCCG.2_fastqc.html, /xdisk/khasting/knodele/Mayo_data/RNA_raw_fastqc_results/CSCC_349_T3_B4_RNA.FCHMVH7BBXY_L5_IGAACCGCG-TGACCTTA.1_fastqc.html, /xdisk/khasting/knodele/Mayo_data/RNA_raw_fastqc_results/CSCC_349_T3_B4_RNA.FCHMVH7BBXY_L5_IGAACCGCG-TGACCTTA.2_fastqc.html, /xdisk/khasting/knodele/Mayo_data/RNA_raw_fastqc_results/CSCC_359_T2a_B4_RNA.FCHMVH7BBXY_L5_ICTCACCAA-CTAGGCAA.1_fastqc.html, /xdisk/khasting/knodele/Mayo_data/RNA_raw_fastqc_results/CSCC_359_T2a_B4_RNA.FCHMVH7BBXY_L5_ICTCACCAA-CTAGGCAA.2_fastqc.html, /xdisk/khasting/knodele/Mayo_data/RNA_raw_fastqc_results/CSCC_363_T2a_B4_RNA.FCHMVH7BBXY_L8_ICGCTATGT-TCCGACAC.1_fastqc.html, /xdisk/khasting/knodele/Mayo_data/RNA_raw_fastqc_results/CSCC_363_T2a_B4_RNA.FCHMVH7BBXY_L8_ICGCTATGT-TCCGACAC.2_fastqc.html, /xdisk/khasting/knodele/Mayo_data/RNA_raw_fastqc_results/CSCC_367_T2a_B4_RNA.FCHMVH7BBXY_L8_IGTATGTTC-AACAGGAA.1_fastqc.html, /xdisk/khasting/knodele/Mayo_data/RNA_raw_fastqc_results/CSCC_367_T2a_B4_RNA.FCHMVH7BBXY_L8_IGTATGTTC-AACAGGAA.2_fastqc.html, /xdisk/khasting/knodele/Mayo_data/RNA_raw_fastqc_results/CSCC_373_T2b_B4_RNA.FCHMVH7BBXY_L7_ITCTGTTGG-TCGAATGG.1_fastqc.html, /xdisk/khasting/knodele/Mayo_data/RNA_raw_fastqc_results/CSCC_373_T2b_B4_RNA.FCHMVH7BBXY_L7_ITCTGTTGG-TCGAATGG.2_fastqc.html, /xdisk/khasting/knodele/Mayo_data/RNA_raw_fastqc_results/CSCC_374_T2b_B4_RNA.FCHMVH7BBXY_L7_ITATCGCAC-CTTAGTGT.1_fastqc.html, /xdisk/khasting/knodele/Mayo_data/RNA_raw_fastqc_results/CSCC_374_T2b_B4_RNA.FCHMVH7BBXY_L7_ITATCGCAC-CTTAGTGT.2_fastqc.html, /xdisk/khasting/knodele/Mayo_data/RNA_raw_fastqc_results/CSCC_39C_RNA.FCHWLHCBBXX_L4_IGTGGCC.1_fastqc.html, /xdisk/khasting/knodele/Mayo_data/RNA_raw_fastqc_results/CSCC_39C_RNA.FCHWLHCBBXX_L4_IGTGGCC.2_fastqc.html, /xdisk/khasting/knodele/Mayo_data/RNA_raw_fastqc_results/CSCC_39T_RNA.FCHWLHCBBXX_L4_IGGCTAC.1_fastqc.html, /xdisk/khasting/knodele/Mayo_data/RNA_raw_fastqc_results/CSCC_39T_RNA.FCHWLHCBBXX_L4_IGGCTAC.2_fastqc.html, /xdisk/khasting/knodele/Mayo_data/RNA_raw_fastqc_results/CSCC_42C_RNA.FCHWLHCBBXX_L5_IACTGAT.1_fastqc.html, /xdisk/khasting/knodele/Mayo_data/RNA_raw_fastqc_results/CSCC_42C_RNA.FCHWLHCBBXX_L5_IACTGAT.2_fastqc.html, /xdisk/khasting/knodele/Mayo_data/RNA_raw_fastqc_results/CSCC_42T_RNA.FCHWLHCBBXX_L4_IGAGTGG.1_fastqc.html, /xdisk/khasting/knodele/Mayo_data/RNA_raw_fastqc_results/CSCC_42T_RNA.FCHWLHCBBXX_L4_IGAGTGG.2_fastqc.html, /xdisk/khasting/knodele/Mayo_data/RNA_raw_fastqc_results/CSCC_48_RNA.FCHWLHCBBXX_L5_ITTAGGC.1_fastqc.html, /xdisk/khasting/knodele/Mayo_data/RNA_raw_fastqc_results/CSCC_48_RNA.FCHWLHCBBXX_L5_ITTAGGC.2_fastqc.html, /xdisk/khasting/knodele/Mayo_data/RNA_raw_fastqc_results/CSCC_4_RNA.FCHWLHCBBXX_L1_IACTTGA.1_fastqc.html, /xdisk/khasting/knodele/Mayo_data/RNA_raw_fastqc_results/CSCC_4_RNA.FCHWLHCBBXX_L1_IACTTGA.2_fastqc.html, /xdisk/khasting/knodele/Mayo_data/RNA_raw_fastqc_results/CSCC_52_RNA.FCHWLHCBBXX_L6_IGGCTAC.1_fastqc.html, /xdisk/khasting/knodele/Mayo_data/RNA_raw_fastqc_results/CSCC_52_RNA.FCHWLHCBBXX_L6_IGGCTAC.2_fastqc.html, /xdisk/khasting/knodele/Mayo_data/RNA_raw_fastqc_results/CSCC_53C_RNA.FCHWLHCBBXX_L6_IGTGGCC.1_fastqc.html, /xdisk/khasting/knodele/Mayo_data/RNA_raw_fastqc_results/CSCC_53C_RNA.FCHWLHCBBXX_L6_IGTGGCC.2_fastqc.html, /xdisk/khasting/knodele/Mayo_data/RNA_raw_fastqc_results/CSCC_5_RNA.FCHWLHCBBXX_L1_IGATCAG.1_fastqc.html, /xdisk/khasting/knodele/Mayo_data/RNA_raw_fastqc_results/CSCC_5_RNA.FCHWLHCBBXX_L1_IGATCAG.2_fastqc.html, /xdisk/khasting/knodele/Mayo_data/RNA_raw_fastqc_results/CSCC_6_RNA.FCHWLHCBBXX_L1_ITAGCTT.1_fastqc.html, /xdisk/khasting/knodele/Mayo_data/RNA_raw_fastqc_results/CSCC_6_RNA.FCHWLHCBBXX_L1_ITAGCTT.2_fastqc.html, /xdisk/khasting/knodele/Mayo_data/RNA_raw_fastqc_results/CSCC_7_RNA.FCHWLHCBBXX_L1_IGGCTAC.1_fastqc.html, /xdisk/khasting/knodele/Mayo_data/RNA_raw_fastqc_results/CSCC_7_RNA.FCHWLHCBBXX_L1_IGGCTAC.2_fastqc.html, /xdisk/khasting/knodele/Mayo_data/RNA_raw_fastqc_results/CSCC_8_RNA.FCHWLHCBBXX_L1_IGTGGCC.1_fastqc.html, /xdisk/khasting/knodele/Mayo_data/RNA_raw_fastqc_results/CSCC_8_RNA.FCHWLHCBBXX_L1_IGTGGCC.2_fastqc.html, /xdisk/khasting/knodele/Mayo_data/RNA_raw_fastqc_results/CSCC_9_RNA.FCHWLHCBBXX_L1_IGTTTCG.1_fastqc.html, /xdisk/khasting/knodele/Mayo_data/RNA_raw_fastqc_results/CSCC_9_RNA.FCHWLHCBBXX_L1_IGTTTCG.2_fastqc.html, /xdisk/khasting/knodele/Mayo_data/RNA_raw_fastqc_results/CSCC_NPT-001-2_T2b.FC22VM72LT3_L8_R1_ITTATAACC-GATATCGA_fastqc.html, /xdisk/khasting/knodele/Mayo_data/RNA_raw_fastqc_results/CSCC_NPT-001-2_T2b.FC22VM72LT3_L8_R2_ITTATAACC-GATATCGA_fastqc.html, /xdisk/khasting/knodele/Mayo_data/RNA_raw_fastqc_results/CSCC_NPT-002-1_T2a.FC22VM72LT3_L8_R1_IGGACTTGG-CGCAGACG_fastqc.html, /xdisk/khasting/knodele/Mayo_data/RNA_raw_fastqc_results/CSCC_NPT-002-1_T2a.FC22VM72LT3_L8_R2_IGGACTTGG-CGCAGACG_fastqc.html, /xdisk/khasting/knodele/Mayo_data/RNA_raw_fastqc_results/CSCC_NPT-004-2_T2a.FC22VM72LT3_L8_R1_IAAGTCCAA-TATGAGTA_fastqc.html, /xdisk/khasting/knodele/Mayo_data/RNA_raw_fastqc_results/CSCC_NPT-004-2_T2a.FC22VM72LT3_L8_R2_IAAGTCCAA-TATGAGTA_fastqc.html, /xdisk/khasting/knodele/Mayo_data/RNA_raw_fastqc_results/CSCC_NPT-010-2_T3.FC22VM72LT3_L8_R1_IGCTTGTCA-GAACATAC_fastqc.html, /xdisk/khasting/knodele/Mayo_data/RNA_raw_fastqc_results/CSCC_NPT-010-2_T3.FC22VM72LT3_L8_R2_IGCTTGTCA-GAACATAC_fastqc.html, /xdisk/khasting/knodele/Mayo_data/RNA_raw_fastqc_results/CSCC_NPT-015_T2a.FC22VM72LT3_L8_R1_ICCGCGGTT-AGCGCTAG_fastqc.html, /xdisk/khasting/knodele/Mayo_data/RNA_raw_fastqc_results/CSCC_NPT-015_T2a.FC22VM72LT3_L8_R2_ICCGCGGTT-AGCGCTAG_fastqc.html, /xdisk/khasting/knodele/Mayo_data/RNA_raw_fastqc_results/CSCC_NPT-017-1_T2b.FC22VM72LT3_L8_R1_ICAAGCTAG-ACATAGCG_fastqc.html, /xdisk/khasting/knodele/Mayo_data/RNA_raw_fastqc_results/CSCC_NPT-017-1_T2b.FC22VM72LT3_L8_R2_ICAAGCTAG-ACATAGCG_fastqc.html, /xdisk/khasting/knodele/Mayo_data/RNA_raw_fastqc_results/CSCC_NPT-050_T2a.FC22VM72LT3_L8_R1_ITGGATCGA-GTGCGATA_fastqc.html, /xdisk/khasting/knodele/Mayo_data/RNA_raw_fastqc_results/CSCC_NPT-050_T2a.FC22VM72LT3_L8_R2_ITGGATCGA-GTGCGATA_fastqc.html, /xdisk/khasting/knodele/Mayo_data/RNA_raw_fastqc_results/CSCC_NPT-055_T2a.FC22VM72LT3_L8_R1_IAGTTCAGG-CCAACAGA_fastqc.html, /xdisk/khasting/knodele/Mayo_data/RNA_raw_fastqc_results/CSCC_NPT-055_T2a.FC22VM72LT3_L8_R2_IAGTTCAGG-CCAACAGA_fastqc.html, /xdisk/khasting/knodele/Mayo_data/RNA_raw_fastqc_results/CSCC_NPT-062_T2a.FC22VM72LT3_L8_R1_IGACCTGAA-TTGGTGAG_fastqc.html, /xdisk/khasting/knodele/Mayo_data/RNA_raw_fastqc_results/CSCC_NPT-062_T2a.FC22VM72LT3_L8_R2_IGACCTGAA-TTGGTGAG_fastqc.html, /xdisk/khasting/knodele/Mayo_data/RNA_raw_fastqc_results/CSCC_NPT-083_T2a.FC22VM72LT3_L8_R1_ITCTCTACT-CGCGGTTC_fastqc.html, /xdisk/khasting/knodele/Mayo_data/RNA_raw_fastqc_results/CSCC_NPT-083_T2a.FC22VM72LT3_L8_R2_ITCTCTACT-CGCGGTTC_fastqc.html, /xdisk/khasting/knodele/Mayo_data/RNA_raw_fastqc_results/CSCC_NPT-113_T2b.FC22VM72LT3_L8_R1_ICTCTCGTC-TATAACCT_fastqc.html, /xdisk/khasting/knodele/Mayo_data/RNA_raw_fastqc_results/CSCC_NPT-113_T2b.FC22VM72LT3_L8_R2_ICTCTCGTC-TATAACCT_fastqc.html, /xdisk/khasting/knodele/Mayo_data/RNA_raw_fastqc_results/CSCC_NPT-133_T2b.FC22VM72LT3_L8_R1_ICCAAGTCT-AAGGATGA_fastqc.html, /xdisk/khasting/knodele/Mayo_data/RNA_raw_fastqc_results/CSCC_NPT-133_T2b.FC22VM72LT3_L8_R2_ICCAAGTCT-AAGGATGA_fastqc.html, /xdisk/khasting/knodele/Mayo_data/RNA_raw_fastqc_results/CSCC_NPT-138_T2a.FC22VM72LT3_L8_R1_ITTGGACTC-GGAAGCAG_fastqc.html, /xdisk/khasting/knodele/Mayo_data/RNA_raw_fastqc_results/CSCC_NPT-138_T2a.FC22VM72LT3_L8_R2_ITTGGACTC-GGAAGCAG_fastqc.html, /xdisk/khasting/knodele/Mayo_data/RNA_raw_fastqc_results/CSCC_NPT-164_T2a.FC22VM72LT3_L8_R1_ICAGTAGGC-TGACGAAT_fastqc.html, /xdisk/khasting/knodele/Mayo_data/RNA_raw_fastqc_results/CSCC_NPT-164_T2a.FC22VM72LT3_L8_R2_ICAGTAGGC-TGACGAAT_fastqc.html, /xdisk/khasting/knodele/Mayo_data/RNA_raw_fastqc_results/CSCC_NPT-169_T2b.FC22VM72LT3_L8_R1_ITGACGAAT-CAGTAGGC_fastqc.html, /xdisk/khasting/knodele/Mayo_data/RNA_raw_fastqc_results/CSCC_NPT-169_T2b.FC22VM72LT3_L8_R2_ITGACGAAT-CAGTAGGC_fastqc.html, /xdisk/khasting/knodele/Mayo_data/RNA_raw_fastqc_results/CSCC_NPT-182_T2b.FC22VM72LT3_L8_R1_ITAATACAG-ATATTCAC_fastqc.html, /xdisk/khasting/knodele/Mayo_data/RNA_raw_fastqc_results/CSCC_NPT-182_T2b.FC22VM72LT3_L8_R2_ITAATACAG-ATATTCAC_fastqc.html, /xdisk/khasting/knodele/Mayo_data/RNA_raw_fastqc_results/CSCC_NPT-183_T2b.FC22VM72LT3_L8_R1_ICGGCGTGA-GCGCCTGT_fastqc.html, /xdisk/khasting/knodele/Mayo_data/RNA_raw_fastqc_results/CSCC_NPT-183_T2b.FC22VM72LT3_L8_R2_ICGGCGTGA-GCGCCTGT_fastqc.html, /xdisk/khasting/knodele/Mayo_data/RNA_raw_multiqc_results/multiqc_report.html
    jobid: 0
    resources: tmpdir=/tmp

[Fri Dec 20 10:31:30 2024]
Finished job 0.
186 of 186 steps (100%) done
Complete log: /home/u1/knodele/Immunoediting_Human_cSCC/08_RNA_sample_purity/.snakemake/log/2024-12-20T100901.265500.snakemake.log
